"2018-07-03T18:17:57.036538","emg","1","-2","-1","-1","0","0","-2","-2","2018-07-03T18:17:57.035302"
"2018-07-03T18:17:57.036941","emg","-1","0","2","0","-2","0","-2","-1","2018-07-03T18:17:57.035879"
"2018-07-03T18:17:57.038068","acc","1408","-1302","655","gyro","9","-7","-8","quat","13259","-7296","-6008","-1821","2018-07-03T18:17:57.037227"
"2018-07-03T18:17:57.042722","emg","-2","-1","-3","-1","1","0","1","-1","2018-07-03T18:17:57.041908"
"2018-07-03T18:17:57.043019","emg","-1","0","-1","0","-2","-1","-2","-1","2018-07-03T18:17:57.042351"
"2018-07-03T18:17:57.051380","emg","-1","-3","-1","-1","-1","1","-2","-1","2018-07-03T18:17:57.050491"
"2018-07-03T18:17:57.051667","emg","1","-2","-2","0","-3","-1","0","-2","2018-07-03T18:17:57.051004"
"2018-07-03T18:17:57.053596","acc","1416","-1297","653","gyro","15","0","-8","quat","13258","-7296","-6008","-1821","2018-07-03T18:17:57.052794"
"2018-07-03T18:17:57.065996","emg","-1","-2","-1","-1","-1","0","0","0","2018-07-03T18:17:57.064643"
"2018-07-03T18:17:57.066679","emg","-1","0","-2","0","0","-1","0","-1","2018-07-03T18:17:57.065169"
"2018-07-03T18:17:57.073703","emg","-1","0","0","0","-2","0","0","0","2018-07-03T18:17:57.072732"
"2018-07-03T18:17:57.074088","emg","-2","0","-2","-1","1","-2","-1","1","2018-07-03T18:17:57.073230"
"2018-07-03T18:17:57.075208","acc","1407","-1298","651","gyro","3","-1","-14","quat","13258","-7297","-6009","-1821","2018-07-03T18:17:57.074454"
"2018-07-03T18:17:57.080178","emg","0","-2","-2","-1","0","0","0","1","2018-07-03T18:17:57.079353"
"2018-07-03T18:17:57.080486","emg","-1","0","-3","-2","0","-1","0","0","2018-07-03T18:17:57.079777"
"2018-07-03T18:17:57.096086","emg","-1","0","0","-1","-2","-2","-1","-1","2018-07-03T18:17:57.095065"
"2018-07-03T18:17:57.096401","emg","0","-1","-2","0","-2","-1","-1","-1","2018-07-03T18:17:57.095563"
"2018-07-03T18:17:57.097322","acc","1400","-1293","655","gyro","3","-7","-14","quat","13258","-7297","-6009","-1821","2018-07-03T18:17:57.096660"
"2018-07-03T18:17:57.102800","emg","0","0","0","-2","0","0","-1","-3","2018-07-03T18:17:57.101847"
"2018-07-03T18:17:57.103107","emg","-3","0","0","0","-1","0","-1","-3","2018-07-03T18:17:57.102318"
"2018-07-03T18:17:57.111196","emg","-1","-1","-1","-1","-2","-1","-2","-2","2018-07-03T18:17:57.110174"
"2018-07-03T18:17:57.111503","emg","0","-1","-1","0","-1","-1","0","0","2018-07-03T18:17:57.110709"
"2018-07-03T18:17:57.112563","acc","1407","-1292","647","gyro","4","-10","-9","quat","13257","-7297","-6009","-1821","2018-07-03T18:17:57.111840"
"2018-07-03T18:17:57.125900","emg","-1","0","5","1","0","-1","-3","0","2018-07-03T18:17:57.124816"
"2018-07-03T18:17:57.126254","emg","-1","-2","-2","0","-1","0","-1","-1","2018-07-03T18:17:57.125341"
"2018-07-03T18:17:57.133887","emg","-1","-2","-1","0","-1","0","0","0","2018-07-03T18:17:57.132765"
"2018-07-03T18:17:57.134243","emg","0","-2","-2","-1","-2","-2","0","-1","2018-07-03T18:17:57.133353"
"2018-07-03T18:17:57.135469","acc","1412","-1285","637","gyro","13","-6","0","quat","13257","-7298","-6010","-1821","2018-07-03T18:17:57.134636"
"2018-07-03T18:17:57.140814","emg","-1","-1","-1","-1","-2","-2","-2","-1","2018-07-03T18:17:57.139754"
"2018-07-03T18:17:57.141124","emg","0","-1","-1","1","-1","0","-1","-1","2018-07-03T18:17:57.140295"
"2018-07-03T18:17:57.156742","emg","-1","-2","-1","-1","0","-3","0","-1","2018-07-03T18:17:57.155580"
"2018-07-03T18:17:57.157098","emg","0","0","-3","-2","0","-1","-2","0","2018-07-03T18:17:57.156162"
"2018-07-03T18:17:57.158431","acc","1402","-1288","642","gyro","11","-2","-1","quat","13256","-7298","-6011","-1821","2018-07-03T18:17:57.157513"
"2018-07-03T18:17:57.172335","emg","-2","-2","-2","1","-1","0","-1","-1","2018-07-03T18:17:57.171096"
"2018-07-03T18:17:57.173102","emg","-2","-1","2","-1","-2","-1","0","-2","2018-07-03T18:17:57.171684"
"2018-07-03T18:17:57.174309","emg","0","-1","-1","-3","0","1","-1","-1","2018-07-03T18:17:57.173441"
"2018-07-03T18:17:57.174834","emg","-3","0","-1","1","-1","1","0","-1","2018-07-03T18:17:57.173827"
"2018-07-03T18:17:57.176171","acc","1398","-1326","664","gyro","10","-5","-4","quat","13256","-7299","-6010","-1820","2018-07-03T18:17:57.175435"
"2018-07-03T18:17:57.186014","emg","0","0","-1","-2","-1","-2","-1","-2","2018-07-03T18:17:57.184847"
"2018-07-03T18:17:57.186393","emg","1","1","-3","-2","0","0","-1","0","2018-07-03T18:17:57.185376"
"2018-07-03T18:17:57.194204","emg","0","0","0","5","-1","-1","0","0","2018-07-03T18:17:57.193120"
"2018-07-03T18:17:57.194558","emg","0","1","1","-5","-1","-3","-1","0","2018-07-03T18:17:57.193630"
"2018-07-03T18:17:57.195625","acc","1409","-1333","655","gyro","30","-9","-14","quat","13256","-7297","-6013","-1818","2018-07-03T18:17:57.194845"
"2018-07-03T18:17:57.200832","emg","-1","-1","-3","-4","-1","-2","-1","-2","2018-07-03T18:17:57.199775"
"2018-07-03T18:17:57.201177","emg","-1","-1","-2","3","-3","-1","-3","-1","2018-07-03T18:17:57.200265"
"2018-07-03T18:17:57.216551","emg","-1","-2","-2","-3","0","-2","-1","0","2018-07-03T18:17:57.215435"
"2018-07-03T18:17:57.216962","emg","0","-1","0","-1","1","-2","-1","-1","2018-07-03T18:17:57.215961"
"2018-07-03T18:17:57.218027","acc","1409","-1308","677","gyro","37","-12","-9","quat","13258","-7291","-6016","-1816","2018-07-03T18:17:57.217229"
"2018-07-03T18:17:57.222890","emg","-1","-2","-5","-9","-2","-1","-1","-1","2018-07-03T18:17:57.221911"
"2018-07-03T18:17:57.223194","emg","0","-1","9","9","-1","-1","-1","-2","2018-07-03T18:17:57.222375"
"2018-07-03T18:17:57.231571","emg","-2","-1","-4","-2","-4","0","-1","-2","2018-07-03T18:17:57.230359"
"2018-07-03T18:17:57.232144","emg","-1","-2","0","-7","-2","-1","-3","0","2018-07-03T18:17:57.230914"
"2018-07-03T18:17:57.233485","acc","1400","-1302","690","gyro","18","-32","8","quat","13259","-7290","-6019","-1810","2018-07-03T18:17:57.232709"
"2018-07-03T18:17:57.246092","emg","0","1","-7","-5","-4","-4","0","-2","2018-07-03T18:17:57.244920"
"2018-07-03T18:17:57.246465","emg","0","0","-5","-16","3","1","4","-1","2018-07-03T18:17:57.245437"
"2018-07-03T18:17:57.254350","emg","3","-1","7","49","1","3","4","12","2018-07-03T18:17:57.253188"
"2018-07-03T18:17:57.254918","emg","0","6","25","-6","-2","-8","-3","-7","2018-07-03T18:17:57.253711"
"2018-07-03T18:17:57.256191","acc","1398","-1308","694","gyro","-9","-49","20","quat","13256","-7293","-6023","-1803","2018-07-03T18:17:57.255433"
"2018-07-03T18:17:57.261083","emg","-10","-12","-55","-51","-8","-2","-4","-13","2018-07-03T18:17:57.259859"
"2018-07-03T18:17:57.261473","emg","4","-2","5","23","10","-4","-4","11","2018-07-03T18:17:57.260394"
"2018-07-03T18:17:57.276392","emg","-1","5","45","83","6","2","2","-10","2018-07-03T18:17:57.275228"
"2018-07-03T18:17:57.277012","emg","-8","-22","-92","-88","-42","4","0","-6","2018-07-03T18:17:57.275757"
"2018-07-03T18:17:57.278285","acc","1453","-1354","788","gyro","-89","-85","83","quat","13250","-7308","-6022","-1791","2018-07-03T18:17:57.277524"
"2018-07-03T18:17:57.283170","emg","-11","-7","29","68","-9","-12","-4","0","2018-07-03T18:17:57.282000"
"2018-07-03T18:17:57.283559","emg","-2","4","-3","12","10","0","0","-4","2018-07-03T18:17:57.282524"
"2018-07-03T18:17:57.291260","emg","1","-7","11","-29","-2","-9","0","9","2018-07-03T18:17:57.290093"
"2018-07-03T18:17:57.291649","emg","10","18","33","55","40","8","1","5","2018-07-03T18:17:57.290621"
"2018-07-03T18:17:57.298634","acc","1424","-1376","775","gyro","-380","-78","80","quat","13221","-7366","-6013","-1797","2018-07-03T18:17:57.297555"
"2018-07-03T18:17:57.306098","emg","0","-16","-61","-68","-22","-2","-1","-2","2018-07-03T18:17:57.304930"
"2018-07-03T18:17:57.306482","emg","1","-3","3","-21","-12","-16","-7","-2","2018-07-03T18:17:57.305449"
"2018-07-03T18:17:57.314259","emg","3","4","-10","15","-14","2","1","-3","2018-07-03T18:17:57.313101"
"2018-07-03T18:17:57.314842","emg","-4","6","19","25","6","10","-1","-1","2018-07-03T18:17:57.313634"
"2018-07-03T18:17:57.316113","acc","1388","-1456","894","gyro","-308","84","215","quat","13218","-7415","-5962","-1788","2018-07-03T18:17:57.315353"
"2018-07-03T18:17:57.321099","emg","1","-2","4","-14","25","10","6","4","2018-07-03T18:17:57.319898"
"2018-07-03T18:17:57.321491","emg","2","-5","16","33","7","10","10","19","2018-07-03T18:17:57.320421"
"2018-07-03T18:17:57.336680","emg","3","7","-16","47","12","-12","-16","-25","2018-07-03T18:17:57.335470"
"2018-07-03T18:17:57.337250","emg","-6","-9","-22","-94","-30","-7","-1","-2","2018-07-03T18:17:57.335991"
"2018-07-03T18:17:57.338518","acc","1298","-1597","973","gyro","-189","184","368","quat","13237","-7459","-5874","-1751","2018-07-03T18:17:57.337759"
"2018-07-03T18:17:57.343191","emg","-8","6","29","57","6","-5","-7","-11","2018-07-03T18:17:57.342008"
"2018-07-03T18:17:57.343573","emg","-6","-8","-14","-10","-13","7","5","-5","2018-07-03T18:17:57.342530"
"2018-07-03T18:17:57.351009","emg","-4","-4","-4","6","26","8","1","6","2018-07-03T18:17:57.349876"
"2018-07-03T18:17:57.351385","emg","10","6","7","17","0","-21","-5","5","2018-07-03T18:17:57.350448"
"2018-07-03T18:17:57.358267","acc","1396","-1833","983","gyro","-148","324","742","quat","13271","-7525","-5737","-1664","2018-07-03T18:17:57.357176"
"2018-07-03T18:17:57.374518","emg","22","18","5","-5","-25","6","2","19","2018-07-03T18:17:57.373404"
"2018-07-03T18:17:57.374880","emg","-8","6","3","-26","7","2","1","-15","2018-07-03T18:17:57.373930"
"2018-07-03T18:17:57.375803","emg","-22","-28","-12","7","-17","6","-4","-6","2018-07-03T18:17:57.375048"
"2018-07-03T18:17:57.376194","emg","1","-8","3","-4","20","8","7","0","2018-07-03T18:17:57.375375"
"2018-07-03T18:17:57.377347","acc","1388","-2036","1059","gyro","214","657","1233","quat","13361","-7565","-5514","-1507","2018-07-03T18:17:57.376578"
"2018-07-03T18:17:57.380936","emg","11","2","13","11","16","-9","-3","20","2018-07-03T18:17:57.379773"
"2018-07-03T18:17:57.381298","emg","9","7","-28","-92","-17","-1","0","-4","2018-07-03T18:17:57.380308"
"2018-07-03T18:17:57.396727","emg","17","19","15","74","15","3","2","16","2018-07-03T18:17:57.395546"
"2018-07-03T18:17:57.397096","emg","-28","-25","-9","34","-19","-19","-16","-19","2018-07-03T18:17:57.396080"
"2018-07-03T18:17:57.398182","acc","1237","-1912","1149","gyro","197","872","1706","quat","13459","-7622","-5240","-1315","2018-07-03T18:17:57.397386"
"2018-07-03T18:17:57.403113","emg","-33","-12","8","-45","-30","-10","-6","-48","2018-07-03T18:17:57.402015"
"2018-07-03T18:17:57.403475","emg","2","3","-3","33","18","10","10","12","2018-07-03T18:17:57.402534"
"2018-07-03T18:17:57.410967","emg","7","4","-1","-57","15","4","3","11","2018-07-03T18:17:57.409872"
"2018-07-03T18:17:57.411322","emg","11","6","4","6","-2","-3","2","13","2018-07-03T18:17:57.410391"
"2018-07-03T18:17:57.418713","acc","1033","-2162","1241","gyro","54","1013","2297","quat","13553","-7729","-4889","-1052","2018-07-03T18:17:57.417630"
"2018-07-03T18:17:57.425813","emg","11","3","-2","70","18","4","-4","1","2018-07-03T18:17:57.424689"
"2018-07-03T18:17:57.426167","emg","-9","-4","-12","-93","-19","-25","-10","5","2018-07-03T18:17:57.425221"
"2018-07-03T18:17:57.434509","acc","885","-2385","1330","gyro","323","1187","2906","quat","13673","-7819","-4457","-698","2018-07-03T18:17:57.433444"
"2018-07-03T18:17:57.435470","emg","-10","-2","-11","52","-20","7","5","-39","2018-07-03T18:17:57.434745"
"2018-07-03T18:17:57.435812","emg","3","0","10","-18","13","11","3","16","2018-07-03T18:17:57.435077"
"2018-07-03T18:17:57.440833","emg","5","-2","6","36","0","-8","-1","15","2018-07-03T18:17:57.439653"
"2018-07-03T18:17:57.441189","emg","-2","-4","6","44","2","7","-1","-3","2018-07-03T18:17:57.440197"
"2018-07-03T18:17:57.456679","acc","727","-2404","1366","gyro","449","1422","3340","quat","13798","-7898","-3950","-293","2018-07-03T18:17:57.455558"
"2018-07-03T18:17:57.457746","emg","2","-3","6","-30","-9","-12","-3","24","2018-07-03T18:17:57.456904"
"2018-07-03T18:17:57.458131","emg","-4","2","-16","-41","8","1","-1","-29","2018-07-03T18:17:57.457261"
"2018-07-03T18:17:57.462999","emg","-18","0","13","77","-4","-8","-5","-59","2018-07-03T18:17:57.462001"
"2018-07-03T18:17:57.463311","emg","2","1","-25","-56","6","18","-3","11","2018-07-03T18:17:57.462484"
"2018-07-03T18:17:57.479191","acc","548","-2324","1353","gyro","666","1606","3718","quat","13924","-7945","-3378","162","2018-07-03T18:17:57.478053"
"2018-07-03T18:17:57.480271","emg","-3","-2","10","12","3","-4","0","5","2018-07-03T18:17:57.479432"
"2018-07-03T18:17:57.480657","emg","3","-1","14","47","-1","3","7","19","2018-07-03T18:17:57.479783"
"2018-07-03T18:17:57.485959","emg","11","5","-10","-63","-7","-6","-4","26","2018-07-03T18:17:57.484845"
"2018-07-03T18:17:57.486319","emg","-4","2","2","24","15","-19","-2","-16","2018-07-03T18:17:57.485375"
"2018-07-03T18:17:57.494873","acc","374","-2263","1318","gyro","811","1618","4034","quat","14032","-7964","-2772","667","2018-07-03T18:17:57.493254"
"2018-07-03T18:17:57.496009","emg","2","-4","0","-23","-19","13","-1","8","2018-07-03T18:17:57.495080"
"2018-07-03T18:17:57.496361","emg","8","4","-9","-44","26","8","3","23","2018-07-03T18:17:57.495561"
"2018-07-03T18:17:57.500330","emg","18","4","14","30","-14","-2","3","67","2018-07-03T18:17:57.499422"
"2018-07-03T18:17:57.500735","emg","-38","-18","-33","-66","-20","-12","-15","-108","2018-07-03T18:17:57.499896"
"2018-07-03T18:17:57.516401","acc","222","-2377","1272","gyro","905","1572","4300","quat","14107","-7959","-2145","1217","2018-07-03T18:17:57.515338"
"2018-07-03T18:17:57.517525","emg","-21","-2","13","-34","-7","-14","-7","-40","2018-07-03T18:17:57.516683"
"2018-07-03T18:17:57.517865","emg","14","1","18","81","-5","3","2","75","2018-07-03T18:17:57.517036"
"2018-07-03T18:17:57.523097","emg","2","3","-26","-100","18","16","10","-28","2018-07-03T18:17:57.521979"
"2018-07-03T18:17:57.523494","emg","0","-1","20","58","-7","-1","-6","11","2018-07-03T18:17:57.522505"
"2018-07-03T18:17:57.539106","acc","111","-2316","1276","gyro","1240","1466","4459","quat","14169","-7883","-1513","1803","2018-07-03T18:17:57.538127"
"2018-07-03T18:17:57.540050","emg","-1","-3","-14","-59","-5","-13","-1","1","2018-07-03T18:17:57.539232"
"2018-07-03T18:17:57.540464","emg","-5","0","-8","-3","-17","-9","-9","-30","2018-07-03T18:17:57.539677"
"2018-07-03T18:17:57.545152","emg","8","2","-3","-15","12","4","5","33","2018-07-03T18:17:57.544259"
"2018-07-03T18:17:57.545560","emg","13","0","-2","25","4","2","4","24","2018-07-03T18:17:57.544687"
"2018-07-03T18:17:57.553891","acc","31","-2050","1165","gyro","1656","1449","4547","quat","14222","-7722","-867","2403","2018-07-03T18:17:57.552939"
"2018-07-03T18:17:57.554918","emg","-5","-3","-14","-63","-7","-6","1","-15","2018-07-03T18:17:57.554100"
"2018-07-03T18:17:57.555270","emg","-2","-3","29","78","-2","0","-3","1","2018-07-03T18:17:57.554404"
"2018-07-03T18:17:57.560910","emg","-8","-2","2","-53","11","8","-6","-16","2018-07-03T18:17:57.559811"
"2018-07-03T18:17:57.561252","emg","6","0","8","64","-6","-8","-4","-7","2018-07-03T18:17:57.560307"
"2018-07-03T18:17:57.576813","acc","-67","-1925","1163","gyro","1518","1332","4390","quat","14227","-7555","-256","2979","2018-07-03T18:17:57.575555"
"2018-07-03T18:17:57.578136","emg","7","2","-13","-35","3","1","2","19","2018-07-03T18:17:57.577275"
"2018-07-03T18:17:57.578541","emg","-3","-1","-20","-29","-9","-2","-3","-12","2018-07-03T18:17:57.577657"
"2018-07-03T18:17:57.583248","emg","-7","2","22","90","4","2","-2","-14","2018-07-03T18:17:57.582064"
"2018-07-03T18:17:57.583627","emg","0","-10","-10","-31","-11","2","-2","0","2018-07-03T18:17:57.582602"
"2018-07-03T18:17:57.599155","acc","-79","-1954","1065","gyro","1594","1306","4162","quat","14207","-7358","331","3511","2018-07-03T18:17:57.597940"
"2018-07-03T18:17:57.600458","emg","3","2","2","32","6","-5","-2","8","2018-07-03T18:17:57.599610"
"2018-07-03T18:17:57.600911","emg","-22","-1","0","-32","-13","-8","0","-15","2018-07-03T18:17:57.599992"
"2018-07-03T18:17:57.606125","emg","-9","-2","4","59","8","-2","0","-12","2018-07-03T18:17:57.604902"
"2018-07-03T18:17:57.606506","emg","0","3","-8","-45","-1","5","11","45","2018-07-03T18:17:57.605476"
"2018-07-03T18:17:57.614501","acc","-72","-1687","903","gyro","1704","1199","3865","quat","14174","-7125","879","3997","2018-07-03T18:17:57.613291"
"2018-07-03T18:17:57.615809","emg","8","-3","-15","-8","-6","0","-3","-3","2018-07-03T18:17:57.614951"
"2018-07-03T18:17:57.616225","emg","-4","2","-18","-14","6","4","3","-39","2018-07-03T18:17:57.615334"
"2018-07-03T18:17:57.621115","emg","0","-7","17","3","-2","-1","2","9","2018-07-03T18:17:57.619415"
"2018-07-03T18:17:57.621568","emg","2","3","10","13","-1","4","1","13","2018-07-03T18:17:57.619959"
"2018-07-03T18:17:57.636139","acc","-25","-1426","798","gyro","1601","1026","3431","quat","14126","-6890","1360","4421","2018-07-03T18:17:57.635135"
"2018-07-03T18:17:57.637214","emg","3","-1","-6","4","-1","-3","-1","-3","2018-07-03T18:17:57.636487"
"2018-07-03T18:17:57.637496","emg","-7","1","-4","-19","-3","-6","-9","-21","2018-07-03T18:17:57.636874"
"2018-07-03T18:17:57.642587","emg","-4","2","3","1","-8","-3","-2","-1","2018-07-03T18:17:57.641808"
"2018-07-03T18:17:57.642888","emg","2","1","1","-4","8","2","1","10","2018-07-03T18:17:57.642165"
"2018-07-03T18:17:57.658760","acc","-41","-1316","696","gyro","1410","827","3227","quat","14054","-6667","1783","4824","2018-07-03T18:17:57.657696"
"2018-07-03T18:17:57.660318","emg","8","-8","11","-5","-5","-3","-1","4","2018-07-03T18:17:57.659410"
"2018-07-03T18:17:57.660662","emg","6","-1","-4","8","-2","-2","-3","2","2018-07-03T18:17:57.659870"
"2018-07-03T18:17:57.665837","emg","-11","-4","-20","-34","-2","1","0","-28","2018-07-03T18:17:57.664818"
"2018-07-03T18:17:57.666143","emg","1","1","27","45","-1","-5","-5","-2","2018-07-03T18:17:57.665328"
"2018-07-03T18:17:57.674227","acc","-13","-1177","553","gyro","1239","509","2895","quat","13974","-6453","2122","5196","2018-07-03T18:17:57.673167"
"2018-07-03T18:17:57.675177","emg","-4","2","-6","-14","4","3","-2","1","2018-07-03T18:17:57.674426"
"2018-07-03T18:17:57.675473","emg","0","6","-4","19","1","-2","2","9","2018-07-03T18:17:57.674744"
"2018-07-03T18:17:57.680780","emg","1","-12","0","-27","3","6","2","15","2018-07-03T18:17:57.679723"
"2018-07-03T18:17:57.681094","emg","2","0","27","38","-12","-9","-8","-5","2018-07-03T18:17:57.680226"
"2018-07-03T18:17:57.696806","acc","30","-984","485","gyro","998","240","2421","quat","13897","-6263","2371","5517","2018-07-03T18:17:57.695639"
"2018-07-03T18:17:57.698076","emg","-7","4","-3","10","17","10","4","-1","2018-07-03T18:17:57.697213"
"2018-07-03T18:17:57.698431","emg","-1","-4","-14","-5","0","-3","1","1","2018-07-03T18:17:57.697613"
"2018-07-03T18:17:57.703067","emg","5","4","26","-7","-15","-15","-8","-5","2018-07-03T18:17:57.701947"
"2018-07-03T18:17:57.703422","emg","-3","-4","-6","13","6","10","9","4","2018-07-03T18:17:57.702491"
"2018-07-03T18:17:57.719427","acc","-16","-861","521","gyro","736","15","1804","quat","13838","-6110","2529","5763","2018-07-03T18:17:57.718292"
"2018-07-03T18:17:57.720500","emg","-3","-7","-8","36","9","-3","-3","3","2018-07-03T18:17:57.719671"
"2018-07-03T18:17:57.720892","emg","1","3","-5","6","12","13","6","-3","2018-07-03T18:17:57.720072"
"2018-07-03T18:17:57.725062","emg","2","-5","0","-15","2","1","-1","-1","2018-07-03T18:17:57.724249"
"2018-07-03T18:17:57.725366","emg","2","-4","-16","-5","-12","-13","-9","0","2018-07-03T18:17:57.724638"
"2018-07-03T18:17:57.734183","acc","-128","-731","633","gyro","537","-159","1197","quat","13810","-5996","2580","5924","2018-07-03T18:17:57.733203"
"2018-07-03T18:17:57.735548","emg","-2","5","-7","-12","-3","2","2","-2","2018-07-03T18:17:57.734776"
"2018-07-03T18:17:57.735853","emg","-9","-11","10","4","11","-2","-3","-15","2018-07-03T18:17:57.735116"
"2018-07-03T18:17:57.740507","emg","5","0","3","-33","-22","-1","3","16","2018-07-03T18:17:57.739506"
"2018-07-03T18:17:57.740856","emg","-9","4","8","-6","0","-1","-4","-26","2018-07-03T18:17:57.739991"
"2018-07-03T18:17:57.756554","acc","-289","-773","733","gyro","256","-362","644","quat","13801","-5927","2553","6025","2018-07-03T18:17:57.755500"
"2018-07-03T18:17:57.757618","emg","-1","-1","-27","-29","-8","-8","-4","4","2018-07-03T18:17:57.756830"
"2018-07-03T18:17:57.757959","emg","8","0","7","-41","-21","-5","1","42","2018-07-03T18:17:57.757183"
"2018-07-03T18:17:57.762967","emg","4","10","19","3","10","6","5","-20","2018-07-03T18:17:57.761941"
"2018-07-03T18:17:57.763281","emg","3","-16","-20","2","7","0","-1","-20","2018-07-03T18:17:57.762427"
"2018-07-03T18:17:57.779485","acc","-460","-855","927","gyro","157","-384","332","quat","13805","-5878","2501","6085","2018-07-03T18:17:57.778310"
"2018-07-03T18:17:57.780694","emg","-14","6","7","-30","-9","-3","-4","2","2018-07-03T18:17:57.779742"
"2018-07-03T18:17:57.781040","emg","-3","-2","3","16","10","2","0","-1","2018-07-03T18:17:57.780153"
"2018-07-03T18:17:57.785337","emg","2","5","1","5","0","-1","2","15","2018-07-03T18:17:57.784387"
"2018-07-03T18:17:57.785685","emg","-2","-3","-17","24","-13","-12","-3","7","2018-07-03T18:17:57.784834"
"2018-07-03T18:17:57.794078","acc","-649","-922","1088","gyro","59","-407","9","quat","13823","-5849","2426","6103","2018-07-03T18:17:57.792866"
"2018-07-03T18:17:57.796667","emg","16","-6","-6","-10","-1","1","-1","-9","2018-07-03T18:17:57.794710"
"2018-07-03T18:17:57.797194","emg","3","5","13","27","9","7","4","-1","2018-07-03T18:17:57.795356"
"2018-07-03T18:17:57.803965","emg","-5","-1","-32","3","-1","-2","-1","3","2018-07-03T18:17:57.802754"
"2018-07-03T18:17:57.804344","emg","-4","4","4","-17","10","6","1","0","2018-07-03T18:17:57.803345"
"2018-07-03T18:17:57.816785","acc","-791","-902","1361","gyro","-71","-367","-331","quat","13855","-5836","2334","6078","2018-07-03T18:17:57.815669"
"2018-07-03T18:17:57.817825","emg","-15","-2","14","-15","-8","-2","0","0","2018-07-03T18:17:57.817042"
"2018-07-03T18:17:57.818166","emg","3","-9","-3","18","-18","-12","-6","-8","2018-07-03T18:17:57.817384"
"2018-07-03T18:17:57.823151","emg","-1","-2","-9","8","5","-3","-4","-5","2018-07-03T18:17:57.821953"
"2018-07-03T18:17:57.823520","emg","1","2","12","-15","1","1","4","4","2018-07-03T18:17:57.822525"
"2018-07-03T18:17:57.839213","acc","-987","-1025","1569","gyro","-51","-259","-412","quat","13890","-5830","2260","6034","2018-07-03T18:17:57.838080"
"2018-07-03T18:17:57.840282","emg","0","2","2","21","6","5","1","16","2018-07-03T18:17:57.839464"
"2018-07-03T18:17:57.840653","emg","42","0","6","-42","-4","4","3","-9","2018-07-03T18:17:57.839859"
"2018-07-03T18:17:57.845444","emg","-20","-3","-5","27","1","-4","-5","-8","2018-07-03T18:17:57.844460"
"2018-07-03T18:17:57.845792","emg","-6","3","7","9","-3","-3","-3","-4","2018-07-03T18:17:57.844985"
"2018-07-03T18:17:57.854413","acc","-1150","-1102","1723","gyro","11","-132","-444","quat","13924","-5821","2216","5978","2018-07-03T18:17:57.853278"
"2018-07-03T18:17:57.855478","emg","3","-9","-20","-10","-5","-1","2","9","2018-07-03T18:17:57.854653"
"2018-07-03T18:17:57.855819","emg","24","12","30","11","1","-3","-3","22","2018-07-03T18:17:57.855054"
"2018-07-03T18:17:57.861034","emg","-24","-6","-12","-4","-1","-1","1","-27","2018-07-03T18:17:57.859870"
"2018-07-03T18:17:57.861389","emg","5","5","58","25","2","-1","0","10","2018-07-03T18:17:57.860436"
"2018-07-03T18:17:57.876544","acc","-1368","-1235","1828","gyro","193","47","-253","quat","13949","-5799","2231","5936","2018-07-03T18:17:57.875402"
"2018-07-03T18:17:57.877704","emg","0","-3","-16","-14","3","4","-1","-13","2018-07-03T18:17:57.876863"
"2018-07-03T18:17:57.878046","emg","-32","-18","4","-1","-3","-1","1","22","2018-07-03T18:17:57.877276"
"2018-07-03T18:17:57.883104","emg","15","3","-2","-24","-5","-3","-1","-7","2018-07-03T18:17:57.881988"
"2018-07-03T18:17:57.883526","emg","5","8","18","-7","6","2","-2","0","2018-07-03T18:17:57.882559"
"2018-07-03T18:17:57.899580","acc","-1482","-1203","1953","gyro","493","129","-38","quat","13977","-5726","2297","5917","2018-07-03T18:17:57.898337"
"2018-07-03T18:17:57.901486","emg","-2","-6","15","5","-6","2","1","-5","2018-07-03T18:17:57.900371"
"2018-07-03T18:17:57.901855","emg","-10","2","-5","8","0","-1","-1","-8","2018-07-03T18:17:57.901006"
"2018-07-03T18:17:57.906155","emg","2","-9","-29","-1","3","1","2","12","2018-07-03T18:17:57.905016"
"2018-07-03T18:17:57.906531","emg","4","-9","-21","4","3","-1","-4","-7","2018-07-03T18:17:57.905529"
"2018-07-03T18:17:57.914331","acc","-1483","-1042","1945","gyro","685","239","130","quat","14002","-5619","2408","5915","2018-07-03T18:17:57.913256"
"2018-07-03T18:17:57.915336","emg","55","2","-3","-11","-4","-3","-1","5","2018-07-03T18:17:57.914558"
"2018-07-03T18:17:57.915679","emg","-8","11","13","32","2","0","3","-17","2018-07-03T18:17:57.914901"
"2018-07-03T18:17:57.920980","emg","-29","-2","-25","-34","-3","-1","-3","-11","2018-07-03T18:17:57.919830"
"2018-07-03T18:17:57.921337","emg","17","-5","-2","-4","1","-1","-1","-5","2018-07-03T18:17:57.920357"
"2018-07-03T18:17:57.936771","acc","-1434","-925","1914","gyro","676","440","230","quat","14016","-5518","2552","5916","2018-07-03T18:17:57.935670"
"2018-07-03T18:17:57.937819","emg","-10","4","-8","-5","1","1","0","8","2018-07-03T18:17:57.937034"
"2018-07-03T18:17:57.938167","emg","9","-5","-8","6","-1","-3","-4","-10","2018-07-03T18:17:57.937382"
"2018-07-03T18:17:57.943110","emg","16","-3","3","9","-3","-1","-2","21","2018-07-03T18:17:57.942007"
"2018-07-03T18:17:57.943465","emg","-7","-14","-7","3","3","1","3","11","2018-07-03T18:17:57.942519"
"2018-07-03T18:17:57.959119","acc","-1351","-887","1841","gyro","742","704","162","quat","14031","-5428","2730","5886","2018-07-03T18:17:57.958030"
"2018-07-03T18:17:57.960142","emg","-18","-5","16","0","-1","-1","-2","-28","2018-07-03T18:17:57.959364"
"2018-07-03T18:17:57.960484","emg","3","6","-40","-41","1","3","1","-10","2018-07-03T18:17:57.959705"
"2018-07-03T18:17:57.966229","emg","-8","16","10","46","0","1","0","9","2018-07-03T18:17:57.964930"
"2018-07-03T18:17:57.966623","emg","13","-34","-44","-10","-7","-5","-4","6","2018-07-03T18:17:57.965592"
"2018-07-03T18:17:57.974346","acc","-1367","-844","1698","gyro","515","934","-29","quat","14032","-5398","2919","5818","2018-07-03T18:17:57.973136"
"2018-07-03T18:17:57.975654","emg","12","-5","-42","-6","-1","-2","4","13","2018-07-03T18:17:57.974796"
"2018-07-03T18:17:57.976056","emg","6","8","30","-12","-2","-7","-9","-16","2018-07-03T18:17:57.975175"
"2018-07-03T18:17:57.988233","emg","-15","-12","8","6","0","-1","-1","-4","2018-07-03T18:17:57.987059"
"2018-07-03T18:17:57.988657","emg","-29","10","-12","-3","-4","2","-1","9","2018-07-03T18:17:57.987585"
"2018-07-03T18:17:57.997399","acc","-1455","-796","1528","gyro","282","966","-346","quat","14032","-5421","3090","5707","2018-07-03T18:17:57.996115"
"2018-07-03T18:17:57.998726","emg","2","7","14","13","-4","-8","-4","-8","2018-07-03T18:17:57.997855"
"2018-07-03T18:17:57.999121","emg","-2","-6","11","22","3","-1","2","-1","2018-07-03T18:17:57.998250"
"2018-07-03T18:17:58.003206","emg","-14","-3","-58","-34","0","-2","3","41","2018-07-03T18:17:58.002021"
"2018-07-03T18:17:58.003582","emg","-38","0","5","23","-4","-4","-1","-44","2018-07-03T18:17:58.002552"
"2018-07-03T18:17:58.019268","acc","-1410","-799","1393","gyro","427","885","-719","quat","14063","-5434","3234","5536","2018-07-03T18:17:58.018061"
"2018-07-03T18:17:58.020555","emg","40","7","40","2","0","-2","-6","-18","2018-07-03T18:17:58.019717"
"2018-07-03T18:17:58.020997","emg","-13","-3","3","11","0","-4","-2","6","2018-07-03T18:17:58.020090"
"2018-07-03T18:17:58.026079","emg","72","8","12","10","4","3","5","16","2018-07-03T18:17:58.024887"
"2018-07-03T18:17:58.026532","emg","1","-6","-19","-24","-4","-1","7","38","2018-07-03T18:17:58.025422"
"2018-07-03T18:17:58.033757","acc","-1326","-811","1183","gyro","318","687","-1019","quat","14108","-5471","3322","5331","2018-07-03T18:17:58.032694"
"2018-07-03T18:17:58.034923","emg","-25","2","7","-5","-1","-5","-15","-66","2018-07-03T18:17:58.034151"
"2018-07-03T18:17:58.035271","emg","-29","-20","-29","-17","-10","-2","-5","-10","2018-07-03T18:17:58.034512"
"2018-07-03T18:17:58.048209","emg","7","2","27","15","0","-1","1","35","2018-07-03T18:17:58.047082"
"2018-07-03T18:17:58.048731","emg","10","10","37","-8","1","1","-2","-14","2018-07-03T18:17:58.047650"
"2018-07-03T18:17:58.056541","acc","-1239","-976","1079","gyro","118","520","-1470","quat","14168","-5557","3337","5066","2018-07-03T18:17:58.055623"
"2018-07-03T18:17:58.058128","emg","-12","-13","-58","-5","-3","-1","5","11","2018-07-03T18:17:58.057308"
"2018-07-03T18:17:58.058402","emg","-15","13","-23","5","-1","-1","-5","-37","2018-07-03T18:17:58.057724"
"2018-07-03T18:17:58.062996","emg","-27","-11","12","-25","-1","-2","-3","-14","2018-07-03T18:17:58.062197"
"2018-07-03T18:17:58.063305","emg","3","15","12","7","2","0","5","19","2018-07-03T18:17:58.062556"
"2018-07-03T18:17:58.078916","acc","-1167","-1098","933","gyro","23","399","-1802","quat","14248","-5648","3294","4760","2018-07-03T18:17:58.077856"
"2018-07-03T18:17:58.079959","emg","-12","24","-27","6","-3","1","4","42","2018-07-03T18:17:58.079195"
"2018-07-03T18:17:58.080257","emg","-33","10","21","-1","3","2","-1","12","2018-07-03T18:17:58.079576"
"2018-07-03T18:17:58.085198","emg","58","-12","-15","-29","2","4","4","-15","2018-07-03T18:17:58.084365"
"2018-07-03T18:17:58.085500","emg","-14","-12","-20","15","-1","1","-4","-12","2018-07-03T18:17:58.084806"
"2018-07-03T18:17:58.093910","acc","-1095","-1124","856","gyro","370","148","-1967","quat","14360","-5677","3218","4429","2018-07-03T18:17:58.092903"
"2018-07-03T18:17:58.094847","emg","11","8","30","-8","3","2","4","14","2018-07-03T18:17:58.094126"
"2018-07-03T18:17:58.095144","emg","47","-27","-76","-20","-8","-5","-5","-2","2018-07-03T18:17:58.094472"
"2018-07-03T18:17:58.108351","emg","-5","23","26","-18","-5","-7","-11","-76","2018-07-03T18:17:58.107366"
"2018-07-03T18:17:58.108695","emg","-56","-1","6","15","0","-3","-8","-14","2018-07-03T18:17:58.107867"
"2018-07-03T18:17:58.116938","acc","-932","-1093","701","gyro","648","-123","-2097","quat","14498","-5652","3103","4082","2018-07-03T18:17:58.115758"
"2018-07-03T18:17:58.117998","emg","-27","-13","9","-4","-5","-4","1","56","2018-07-03T18:17:58.117170"
"2018-07-03T18:17:58.118338","emg","13","10","26","7","3","5","5","-13","2018-07-03T18:17:58.117572"
"2018-07-03T18:17:58.122585","emg","-50","-8","15","6","-2","-5","-5","-9","2018-07-03T18:17:58.121805"
"2018-07-03T18:17:58.122885","emg","5","-3","-35","-15","0","-1","-3","-20","2018-07-03T18:17:58.122207"
"2018-07-03T18:17:58.138882","acc","-808","-938","759","gyro","773","-189","-2238","quat","14644","-5602","2971","3711","2018-07-03T18:17:58.137858"
"2018-07-03T18:17:58.139810","emg","-10","8","19","2","-2","-1","0","9","2018-07-03T18:17:58.139097"
"2018-07-03T18:17:58.140104","emg","28","-7","1","-10","-1","-5","0","37","2018-07-03T18:17:58.139439"
"2018-07-03T18:17:58.145845","emg","-16","21","2","15","5","7","4","-8","2018-07-03T18:17:58.144834"
"2018-07-03T18:17:58.146162","emg","3","34","-67","20","-6","-5","-7","-10","2018-07-03T18:17:58.145368"
"2018-07-03T18:17:58.154282","acc","-761","-940","830","gyro","802","-261","-2477","quat","14793","-5547","2812","3303","2018-07-03T18:17:58.153146"
"2018-07-03T18:17:58.155352","emg","-1","-8","70","-8","5","6","4","15","2018-07-03T18:17:58.154527"
"2018-07-03T18:17:58.155699","emg","23","-14","-34","-14","-10","-3","0","-5","2018-07-03T18:17:58.154933"
"2018-07-03T18:17:58.168295","emg","-63","6","10","11","5","0","-7","-53","2018-07-03T18:17:58.167187"
"2018-07-03T18:17:58.168642","emg","49","-6","14","6","3","2","3","36","2018-07-03T18:17:58.167815"
"2018-07-03T18:17:58.176908","acc","-545","-858","852","gyro","560","-510","-2472","quat","14925","-5515","2599","2916","2018-07-03T18:17:58.175720"
"2018-07-03T18:17:58.177976","emg","-9","-12","13","-10","-3","-4","0","2","2018-07-03T18:17:58.177139"
"2018-07-03T18:17:58.178356","emg","-18","2","33","18","0","-3","-5","5","2018-07-03T18:17:58.177541"
"2018-07-03T18:17:58.183140","emg","21","-17","-38","-13","0","6","9","50","2018-07-03T18:17:58.182029"
"2018-07-03T18:17:58.183494","emg","-1","4","16","-9","2","3","0","-34","2018-07-03T18:17:58.182595"
"2018-07-03T18:17:58.199200","acc","-248","-871","935","gyro","587","-652","-2277","quat","15046","-5464","2369","2565","2018-07-03T18:17:58.198062"
"2018-07-03T18:17:58.200282","emg","-3","-7","5","-5","3","1","1","-10","2018-07-03T18:17:58.199456"
"2018-07-03T18:17:58.200657","emg","-48","13","19","20","2","0","-1","-2","2018-07-03T18:17:58.199853"
"2018-07-03T18:17:58.206040","emg","9","-31","5","5","-2","-2","1","18","2018-07-03T18:17:58.204908"
"2018-07-03T18:17:58.206394","emg","19","-29","78","-24","-10","-7","-2","9","2018-07-03T18:17:58.205490"
"2018-07-03T18:17:58.213942","acc","-144","-849","974","gyro","582","-610","-2028","quat","15150","-5404","2157","2250","2018-07-03T18:17:58.212811"
"2018-07-03T18:17:58.215345","emg","-10","0","-40","5","1","-3","-5","-25","2018-07-03T18:17:58.214437"
"2018-07-03T18:17:58.215705","emg","16","9","13","-26","1","3","1","8","2018-07-03T18:17:58.214882"
"2018-07-03T18:17:58.228234","emg","7","-24","-21","32","-7","-7","-7","0","2018-07-03T18:17:58.227072"
"2018-07-03T18:17:58.228684","emg","-16","14","3","-6","2","2","5","-10","2018-07-03T18:17:58.227585"
"2018-07-03T18:17:58.236510","acc","-26","-848","1109","gyro","641","-451","-1805","quat","15240","-5327","1982","1960","2018-07-03T18:17:58.235391"
"2018-07-03T18:17:58.237631","emg","14","-9","-6","16","1","-2","-5","-12","2018-07-03T18:17:58.236814"
"2018-07-03T18:17:58.237973","emg","-8","-12","-27","-28","-3","-4","-3","-4","2018-07-03T18:17:58.237219"
"2018-07-03T18:17:58.242743","emg","4","8","-6","-1","0","-4","-5","-5","2018-07-03T18:17:58.241882"
"2018-07-03T18:17:58.243117","emg","7","-5","7","-6","3","0","-3","-19","2018-07-03T18:17:58.242294"
"2018-07-03T18:17:58.250992","acc","2","-777","1252","gyro","624","-273","-1463","quat","15321","-5236","1828","1709","2018-07-03T18:17:58.249989"
"2018-07-03T18:17:58.257955","emg","0","2","59","6","-2","3","2","4","2018-07-03T18:17:58.256918"
"2018-07-03T18:17:58.258324","emg","2","9","37","17","1","-2","-1","6","2018-07-03T18:17:58.257380"
"2018-07-03T18:17:58.265362","emg","7","8","20","-4","-2","0","3","-2","2018-07-03T18:17:58.264332"
"2018-07-03T18:17:58.265709","emg","-14","0","-17","7","-1","-3","-2","-1","2018-07-03T18:17:58.264810"
"2018-07-03T18:17:58.273579","acc","-48","-606","1374","gyro","355","-190","-1119","quat","15379","-5165","1709","1520","2018-07-03T18:17:58.272694"
"2018-07-03T18:17:58.274893","emg","1","1","-31","-18","0","-2","-2","-5","2018-07-03T18:17:58.274068"
"2018-07-03T18:17:58.275208","emg","-20","-4","43","6","-2","-2","-2","-4","2018-07-03T18:17:58.274426"
"2018-07-03T18:17:58.288305","emg","-2","27","-36","12","-1","1","1","15","2018-07-03T18:17:58.287042"
"2018-07-03T18:17:58.288882","emg","22","8","10","-18","-7","-2","3","19","2018-07-03T18:17:58.287719"
"2018-07-03T18:17:58.296300","acc","-65","-754","1489","gyro","-131","-144","-798","quat","15399","-5173","1608","1391","2018-07-03T18:17:58.295273"
"2018-07-03T18:17:58.297269","emg","-21","-7","-34","5","-3","0","-1","-13","2018-07-03T18:17:58.296424"
"2018-07-03T18:17:58.297764","emg","-21","6","10","-4","0","1","2","12","2018-07-03T18:17:58.296816"
"2018-07-03T18:17:58.303342","emg","15","18","40","12","1","0","1","6","2018-07-03T18:17:58.302168"
"2018-07-03T18:17:58.303836","emg","-4","-8","-26","5","3","3","-2","-28","2018-07-03T18:17:58.302763"
"2018-07-03T18:17:58.310468","acc","-139","-990","1593","gyro","-281","-72","-514","quat","15401","-5213","1536","1307","2018-07-03T18:17:58.309459"
"2018-07-03T18:17:58.317088","emg","36","17","-15","5","-2","-2","-4","2","2018-07-03T18:17:58.316484"
"2018-07-03T18:17:58.317261","emg","26","17","38","24","-3","0","0","-17","2018-07-03T18:17:58.316781"
"2018-07-03T18:17:58.324332","emg","-4","-9","3","-19","-1","1","2","2","2018-07-03T18:17:58.323876"
"2018-07-03T18:17:58.324502","emg","-9","6","39","17","1","1","1","21","2018-07-03T18:17:58.324075"
"2018-07-03T18:17:58.332514","acc","-249","-1076","1666","gyro","-211","-16","-348","quat","15400","-5240","1493","1248","2018-07-03T18:17:58.332206"
"2018-07-03T18:17:58.332995","emg","21","-10","39","-32","-5","-4","3","53","2018-07-03T18:17:58.332743"
"2018-07-03T18:17:58.333098","emg","-25","-10","-15","-14","3","2","-2","-63","2018-07-03T18:17:58.332852"
"2018-07-03T18:17:58.347201","emg","6","7","63","-7","2","-3","-2","-2","2018-07-03T18:17:58.346756"
"2018-07-03T18:17:58.347376","emg","5","-16","-7","12","-8","0","1","16","2018-07-03T18:17:58.346944"
"2018-07-03T18:17:58.355418","acc","-378","-1127","1656","gyro","-259","-64","-223","quat","15394","-5276","1460","1218","2018-07-03T18:17:58.354973"
"2018-07-03T18:17:58.355926","emg","10","15","5","4","0","0","-2","-18","2018-07-03T18:17:58.355606"
"2018-07-03T18:17:58.356027","emg","-11","-14","-42","8","2","2","9","27","2018-07-03T18:17:58.355762"
"2018-07-03T18:17:58.361791","emg","6","1","6","-9","-5","-1","-3","0","2018-07-03T18:17:58.361342"
"2018-07-03T18:17:58.361968","emg","3","-6","-18","3","2","-4","0","6","2018-07-03T18:17:58.361534"
"2018-07-03T18:17:58.369934","acc","-381","-1235","1631","gyro","-229","-120","-98","quat","15385","-5313","1426","1210","2018-07-03T18:17:58.369467"
"2018-07-03T18:17:58.377141","emg","-10","4","-12","-2","0","-2","-1","2","2018-07-03T18:17:58.376565"
"2018-07-03T18:17:58.377359","emg","13","-18","-11","3","-4","-2","-2","25","2018-07-03T18:17:58.376818"
"2018-07-03T18:17:58.385077","emg","-11","-12","-16","-10","1","-1","-1","-27","2018-07-03T18:17:58.384337"
"2018-07-03T18:17:58.385273","emg","31","21","-24","22","-1","0","-4","11","2018-07-03T18:17:58.384723"
"2018-07-03T18:17:58.394217","acc","-384","-1247","1577","gyro","-103","-121","-52","quat","15381","-5331","1397","1209","2018-07-03T18:17:58.393094"
"2018-07-03T18:17:58.395295","emg","-9","1","-31","-38","-3","-2","-4","-37","2018-07-03T18:17:58.394471"
"2018-07-03T18:17:58.395634","emg","-17","2","-7","-3","0","-2","2","8","2018-07-03T18:17:58.394878"
"2018-07-03T18:17:58.408479","emg","-7","-1","-79","-1","0","0","1","16","2018-07-03T18:17:58.407365"
"2018-07-03T18:17:58.408894","emg","6","-3","36","-4","0","-1","0","9","2018-07-03T18:17:58.407935"
"2018-07-03T18:17:58.416936","acc","-430","-1260","1567","gyro","-33","-80","-53","quat","15380","-5340","1381","1205","2018-07-03T18:17:58.415667"
"2018-07-03T18:17:58.418097","emg","4","0","13","-4","-2","-2","2","17","2018-07-03T18:17:58.417240"
"2018-07-03T18:17:58.418445","emg","-15","-13","-32","5","-1","-2","-7","-26","2018-07-03T18:17:58.417671"
"2018-07-03T18:17:58.422795","emg","1","3","26","6","-2","-3","-2","-10","2018-07-03T18:17:58.421913"
"2018-07-03T18:17:58.423140","emg","-2","3","-6","-17","0","-1","-1","-2","2018-07-03T18:17:58.422379"
"2018-07-03T18:17:58.430824","acc","-448","-1233","1555","gyro","6","-72","-48","quat","15381","-5341","1370","1202","2018-07-03T18:17:58.429685"
"2018-07-03T18:17:58.438763","emg","-21","-5","13","33","0","0","-3","-6","2018-07-03T18:17:58.437647"
"2018-07-03T18:17:58.439125","emg","18","9","-55","-44","0","1","5","16","2018-07-03T18:17:58.438214"
"2018-07-03T18:17:58.445968","emg","-22","-1","30","25","-4","-3","-3","5","2018-07-03T18:17:58.444843"
"2018-07-03T18:17:58.446323","emg","-35","-14","-17","-13","0","-1","-1","-7","2018-07-03T18:17:58.445418"
"2018-07-03T18:17:58.454563","acc","-422","-1214","1524","gyro","22","-85","-29","quat","15383","-5339","1356","1202","2018-07-03T18:17:58.453428"
"2018-07-03T18:17:58.455623","emg","16","2","-7","31","5","1","0","0","2018-07-03T18:17:58.454803"
"2018-07-03T18:17:58.455968","emg","8","10","-7","-11","-9","-2","-2","-2","2018-07-03T18:17:58.455209"
"2018-07-03T18:17:58.468421","emg","22","7","-16","-3","-1","0","-1","0","2018-07-03T18:17:58.467310"
"2018-07-03T18:17:58.468818","emg","-2","-22","5","-30","-2","-1","0","15","2018-07-03T18:17:58.467891"
"2018-07-03T18:17:58.476676","acc","-379","-1160","1474","gyro","10","-81","10","quat","15384","-5337","1342","1208","2018-07-03T18:17:58.475454"
"2018-07-03T18:17:58.477741","emg","3","17","9","19","0","-1","-1","-8","2018-07-03T18:17:58.476891"
"2018-07-03T18:17:58.478152","emg","-8","-6","8","18","-2","-3","-4","-4","2018-07-03T18:17:58.477296"
"2018-07-03T18:17:58.483212","emg","6","-12","-35","-16","1","-1","3","21","2018-07-03T18:17:58.482083"
"2018-07-03T18:17:58.483563","emg","10","10","-11","4","0","-1","-5","-19","2018-07-03T18:17:58.482661"
"2018-07-03T18:17:58.491139","acc","-411","-1190","1511","gyro","-70","-31","10","quat","15380","-5349","1338","1213","2018-07-03T18:17:58.489997"
"2018-07-03T18:17:58.499073","emg","-10","-15","-25","-10","-3","0","-2","-13","2018-07-03T18:17:58.497978"
"2018-07-03T18:17:58.499445","emg","-6","3","29","1","1","0","-2","9","2018-07-03T18:17:58.498572"
"2018-07-03T18:17:58.505224","emg","-23","-1","8","4","0","0","-5","-30","2018-07-03T18:17:58.504348"
"2018-07-03T18:17:58.505569","emg","13","6","-21","-12","-2","-1","2","17","2018-07-03T18:17:58.504794"
"2018-07-03T18:17:58.514430","acc","-454","-1204","1498","gyro","-113","-29","4","quat","15373","-5370","1337","1218","2018-07-03T18:17:58.513276"
"2018-07-03T18:17:58.515447","emg","-18","-4","21","-4","-1","-1","-2","-9","2018-07-03T18:17:58.514703"
"2018-07-03T18:17:58.515791","emg","-3","-2","-13","-1","1","2","0","10","2018-07-03T18:17:58.515049"
"2018-07-03T18:17:58.528331","emg","-5","-13","14","18","-2","-2","-3","-13","2018-07-03T18:17:58.527207"
"2018-07-03T18:17:58.528737","emg","-4","-4","8","-38","-3","-1","-1","1","2018-07-03T18:17:58.527790"
"2018-07-03T18:17:58.536647","acc","-469","-1246","1510","gyro","-52","-32","6","quat","15368","-5382","1338","1224","2018-07-03T18:17:58.535468"
"2018-07-03T18:17:58.537718","emg","-23","-4","-4","15","-3","-3","-4","-12","2018-07-03T18:17:58.536896"
"2018-07-03T18:17:58.538059","emg","6","-2","18","7","1","2","1","2","2018-07-03T18:17:58.537295"
"2018-07-03T18:17:58.543283","emg","14","-12","28","-11","-4","-4","-1","5","2018-07-03T18:17:58.542148"
"2018-07-03T18:17:58.543633","emg","-18","-9","-7","8","-2","-3","-3","-7","2018-07-03T18:17:58.542743"
"2018-07-03T18:17:58.551190","acc","-462","-1206","1526","gyro","-8","-51","3","quat","15367","-5384","1335","1229","2018-07-03T18:17:58.550045"
"2018-07-03T18:17:58.558658","emg","25","-11","-7","-21","-6","-5","-2","3","2018-07-03T18:17:58.557490"
"2018-07-03T18:17:58.558995","emg","-8","-8","33","-10","0","-4","0","1","2018-07-03T18:17:58.558106"
"2018-07-03T18:17:58.565827","emg","7","-8","-18","8","-1","-3","-1","-6","2018-07-03T18:17:58.564898"
"2018-07-03T18:17:58.566145","emg","0","0","-6","-8","0","2","1","-2","2018-07-03T18:17:58.565420"
"2018-07-03T18:17:58.573582","acc","-462","-1230","1493","gyro","-33","-64","25","quat","15364","-5392","1331","1239","2018-07-03T18:17:58.572672"
"2018-07-03T18:17:58.574888","emg","-6","-1","5","6","-5","-2","1","33","2018-07-03T18:17:58.573885"
"2018-07-03T18:17:58.575215","emg","-18","-10","-26","14","-1","-2","-3","-19","2018-07-03T18:17:58.574379"
"2018-07-03T18:17:58.588139","emg","21","0","-2","-23","3","0","1","0","2018-07-03T18:17:58.586868"
"2018-07-03T18:17:58.588458","emg","-16","-2","-5","-16","-6","-1","-4","-18","2018-07-03T18:17:58.587619"
"2018-07-03T18:17:58.595977","acc","-423","-1265","1480","gyro","-21","-51","19","quat","15360","-5402","1325","1245","2018-07-03T18:17:58.595213"
"2018-07-03T18:17:58.596935","emg","-5","-1","-5","-2","3","0","-2","-13","2018-07-03T18:17:58.596238"
"2018-07-03T18:17:58.597234","emg","10","4","0","12","-4","-2","-2","5","2018-07-03T18:17:58.596532"
"2018-07-03T18:17:58.602878","emg","-28","-13","-35","-15","-6","-4","-3","12","2018-07-03T18:17:58.601865"
"2018-07-03T18:17:58.603181","emg","17","10","-8","18","4","1","3","6","2018-07-03T18:17:58.602354"
"2018-07-03T18:17:58.610462","acc","-423","-1262","1494","gyro","36","-23","5","quat","15360","-5401","1324","1247","2018-07-03T18:17:58.609503"
"2018-07-03T18:17:58.618104","emg","-8","-13","-22","-5","-1","-2","-2","-10","2018-07-03T18:17:58.617108"
"2018-07-03T18:17:58.618411","emg","1","8","1","-8","-1","0","0","-1","2018-07-03T18:17:58.617591"
"2018-07-03T18:17:58.625110","emg","1","0","24","6","-3","-2","-1","2","2018-07-03T18:17:58.624270"
"2018-07-03T18:17:58.625424","emg","8","16","-18","4","2","2","1","14","2018-07-03T18:17:58.624696"
"2018-07-03T18:17:58.634061","acc","-407","-1208","1487","gyro","56","-19","4","quat","15363","-5394","1323","1248","2018-07-03T18:17:58.633099"
"2018-07-03T18:17:58.634984","emg","2","-11","-5","-6","-2","-1","-3","-18","2018-07-03T18:17:58.634265"
"2018-07-03T18:17:58.635301","emg","-6","-1","-36","-2","0","-2","-1","-4","2018-07-03T18:17:58.634563"
"2018-07-03T18:17:58.647906","emg","-2","-5","-2","16","-1","-1","-1","-1","2018-07-03T18:17:58.646900"
"2018-07-03T18:17:58.648220","emg","1","0","10","-8","0","-2","-1","-3","2018-07-03T18:17:58.647395"
"2018-07-03T18:17:58.656662","acc","-388","-1179","1481","gyro","9","-6","-1","quat","15363","-5395","1323","1248","2018-07-03T18:17:58.655675"
"2018-07-03T18:17:58.657633","emg","10","3","-12","0","-4","-2","0","4","2018-07-03T18:17:58.656888"
"2018-07-03T18:17:58.657928","emg","8","4","4","5","2","0","-2","-2","2018-07-03T18:17:58.657200"
"2018-07-03T18:17:58.662711","emg","1","13","23","2","1","2","3","-2","2018-07-03T18:17:58.661839"
"2018-07-03T18:17:58.663017","emg","-16","-17","-25","-4","-3","-3","-4","0","2018-07-03T18:17:58.662245"
"2018-07-03T18:17:58.670820","acc","-355","-1165","1470","gyro","-56","-4","0","quat","15360","-5404","1319","1248","2018-07-03T18:17:58.669856"
"2018-07-03T18:17:58.678111","emg","3","6","6","-5","1","2","2","8","2018-07-03T18:17:58.677039"
"2018-07-03T18:17:58.678463","emg","0","1","7","1","-4","-3","-3","-20","2018-07-03T18:17:58.677539"
"2018-07-03T18:17:58.686051","emg","-11","-3","-21","-14","-1","-3","-3","-6","2018-07-03T18:17:58.684946"
"2018-07-03T18:17:58.686409","emg","8","-25","59","7","-4","-6","-6","-7","2018-07-03T18:17:58.685473"
"2018-07-03T18:17:58.693626","acc","-365","-1210","1496","gyro","-61","8","7","quat","15356","-5416","1317","1249","2018-07-03T18:17:58.692772"
"2018-07-03T18:17:58.694574","emg","-27","-10","-1","23","0","0","1","-1","2018-07-03T18:17:58.693891"
"2018-07-03T18:17:58.694870","emg","12","-2","-16","-1","-5","-1","0","4","2018-07-03T18:17:58.694198"
"2018-07-03T18:17:58.708413","emg","15","6","31","-1","3","3","2","5","2018-07-03T18:17:58.707286"
"2018-07-03T18:17:58.708847","emg","5","8","1","3","0","-1","-2","-4","2018-07-03T18:17:58.707838"
"2018-07-03T18:17:58.716885","acc","-335","-1163","1471","gyro","1","2","52","quat","15355","-5415","1316","1256","2018-07-03T18:17:58.715622"
"2018-07-03T18:17:58.717937","emg","1","7","-6","7","2","0","-1","-2","2018-07-03T18:17:58.717088"
"2018-07-03T18:17:58.718284","emg","-23","-7","46","-7","-2","-2","0","1","2018-07-03T18:17:58.717465"
"2018-07-03T18:17:58.723188","emg","-11","5","25","0","-1","-2","-1","2","2018-07-03T18:17:58.722057"
"2018-07-03T18:17:58.723543","emg","-2","0","-25","4","-2","-2","3","-1","2018-07-03T18:17:58.722651"
"2018-07-03T18:17:58.731008","acc","-284","-1094","1436","gyro","3","-5","104","quat","15356","-5410","1314","1271","2018-07-03T18:17:58.729877"
"2018-07-03T18:17:58.738171","emg","-8","0","5","-13","-2","-1","0","-2","2018-07-03T18:17:58.737188"
"2018-07-03T18:17:58.738516","emg","5","2","-16","0","2","3","1","1","2018-07-03T18:17:58.737652"
"2018-07-03T18:17:58.745611","emg","2","6","8","-3","-1","-1","-1","1","2018-07-03T18:17:58.744483"
"2018-07-03T18:17:58.745966","emg","-4","5","40","28","6","2","3","-2","2018-07-03T18:17:58.745040"
"2018-07-03T18:17:58.753947","acc","-219","-1026","1412","gyro","-13","-15","174","quat","15357","-5403","1309","1298","2018-07-03T18:17:58.752894"
"2018-07-03T18:17:58.754955","emg","12","0","-13","-28","-1","0","-3","-2","2018-07-03T18:17:58.754186"
"2018-07-03T18:17:58.755293","emg","6","5","16","24","5","0","0","0","2018-07-03T18:17:58.754517"
"2018-07-03T18:17:58.768354","emg","-5","-6","-28","-17","-4","-2","-1","-1","2018-07-03T18:17:58.767265"
"2018-07-03T18:17:58.768785","emg","2","0","-33","-3","-3","-1","0","1","2018-07-03T18:17:58.767780"
"2018-07-03T18:17:58.775903","acc","-189","-1024","1338","gyro","-57","-59","295","quat","15352","-5405","1301","1347","2018-07-03T18:17:58.775100"
"2018-07-03T18:17:58.776899","emg","-4","0","24","3","1","1","0","-3","2018-07-03T18:17:58.776219"
"2018-07-03T18:17:58.777325","emg","-1","-4","-39","-24","-4","-4","-1","0","2018-07-03T18:17:58.776486"
"2018-07-03T18:17:58.782509","emg","-6","-2","-1","9","1","1","-2","-2","2018-07-03T18:17:58.781724"
"2018-07-03T18:17:58.782851","emg","-1","3","8","6","-2","-2","-1","0","2018-07-03T18:17:58.782044"
"2018-07-03T18:17:58.790546","acc","-70","-851","1255","gyro","20","-91","455","quat","15354","-5384","1291","1422","2018-07-03T18:17:58.789597"
"2018-07-03T18:17:58.798552","emg","-1","-2","-2","2","-3","-1","-3","-1","2018-07-03T18:17:58.797462"
"2018-07-03T18:17:58.798930","emg","-2","0","7","2","-4","-1","0","1","2018-07-03T18:17:58.797914"
"2018-07-03T18:17:58.805844","emg","3","-4","-16","0","4","6","2","0","2018-07-03T18:17:58.804672"
"2018-07-03T18:17:58.806225","emg","1","-4","-7","-4","7","1","-1","-1","2018-07-03T18:17:58.805201"
"2018-07-03T18:17:58.814505","acc","62","-779","1147","gyro","243","-165","691","quat","15366","-5323","1276","1534","2018-07-03T18:17:58.813294"
"2018-07-03T18:17:58.815796","emg","-2","0","-8","9","1","-4","-3","-2","2018-07-03T18:17:58.814955"
"2018-07-03T18:17:58.816195","emg","2","5","0","-12","-2","-2","-1","0","2018-07-03T18:17:58.815325"
"2018-07-03T18:17:58.828505","emg","-2","-2","2","6","1","3","1","0","2018-07-03T18:17:58.827343"
"2018-07-03T18:17:58.828947","emg","0","0","6","3","-2","2","1","0","2018-07-03T18:17:58.827867"
"2018-07-03T18:17:58.836969","acc","209","-673","975","gyro","392","-319","875","quat","15384","-5233","1239","1681","2018-07-03T18:17:58.835708"
"2018-07-03T18:17:58.838391","emg","-3","6","21","-16","-5","-4","1","-2","2018-07-03T18:17:58.837422"
"2018-07-03T18:17:58.838803","emg","0","-1","-50","-13","-6","-3","-3","-1","2018-07-03T18:17:58.837903"
"2018-07-03T18:17:58.843268","emg","-1","1","70","17","3","-3","-3","-1","2018-07-03T18:17:58.842080"
"2018-07-03T18:17:58.843644","emg","-2","-9","-13","-1","-2","0","-1","-2","2018-07-03T18:17:58.842600"
"2018-07-03T18:17:58.851147","acc","314","-773","920","gyro","209","-373","897","quat","15388","-5184","1180","1833","2018-07-03T18:17:58.850080"
"2018-07-03T18:17:58.858639","emg","2","0","-7","-5","-1","-2","0","-1","2018-07-03T18:17:58.857423"
"2018-07-03T18:17:58.859035","emg","0","1","3","-5","-3","0","-1","-3","2018-07-03T18:17:58.857994"
"2018-07-03T18:17:58.865739","emg","-2","-3","-17","-8","-4","-2","-1","0","2018-07-03T18:17:58.864513"
"2018-07-03T18:17:58.866125","emg","-1","4","20","22","1","-1","0","-1","2018-07-03T18:17:58.865087"
"2018-07-03T18:17:58.874376","acc","165","-856","981","gyro","27","-260","867","quat","15377","-5171","1146","1979","2018-07-03T18:17:58.873145"
"2018-07-03T18:17:58.875673","emg","-1","-4","-10","-13","1","1","1","0","2018-07-03T18:17:58.874822"
"2018-07-03T18:17:58.876073","emg","0","-3","15","1","3","-1","-1","-1","2018-07-03T18:17:58.875200"
"2018-07-03T18:17:58.888286","emg","-2","-1","-18","1","-1","0","0","-2","2018-07-03T18:17:58.887116"
"2018-07-03T18:17:58.888720","emg","0","3","7","-5","-5","-2","-2","-2","2018-07-03T18:17:58.887647"
"2018-07-03T18:17:58.896961","acc","-92","-1030","1076","gyro","50","-181","868","quat","15360","-5164","1144","2125","2018-07-03T18:17:58.895698"
"2018-07-03T18:17:58.898433","emg","-1","-1","-2","4","-6","-6","-2","-3","2018-07-03T18:17:58.897431"
"2018-07-03T18:17:58.898837","emg","-2","-2","15","8","5","4","2","-1","2018-07-03T18:17:58.897872"
"2018-07-03T18:17:58.911863","emg","2","0","-18","-6","8","5","1","3","2018-07-03T18:17:58.910681"
"2018-07-03T18:17:58.912426","emg","-1","2","-5","-7","-6","-2","-1","-1","2018-07-03T18:17:58.911226"
"2018-07-03T18:17:58.913744","acc","-158","-952","1061","gyro","-81","-179","784","quat","15337","-5176","1141","2261","2018-07-03T18:17:58.912981"
"2018-07-03T18:17:58.918584","emg","-2","-2","1","-2","2","-2","-1","-1","2018-07-03T18:17:58.917425"
"2018-07-03T18:17:58.918988","emg","-1","0","15","10","-1","-1","-2","-2","2018-07-03T18:17:58.917939"
"2018-07-03T18:17:58.925992","emg","-3","-11","1","-10","-8","-6","-1","-2","2018-07-03T18:17:58.924922"
"2018-07-03T18:17:58.926406","emg","-2","1","-12","0","1","-1","0","-1","2018-07-03T18:17:58.925439"
"2018-07-03T18:17:58.933485","acc","-15","-851","966","gyro","-398","-163","580","quat","15302","-5240","1111","2363","2018-07-03T18:17:58.932426"
"2018-07-03T18:17:58.940896","emg","2","-1","-2","16","3","1","-1","-1","2018-07-03T18:17:58.939859"
"2018-07-03T18:17:58.941213","emg","-2","-4","-14","-26","-7","-6","-2","-2","2018-07-03T18:17:58.940376"
"2018-07-03T18:17:58.948544","emg","-1","2","-16","2","0","-1","-1","-1","2018-07-03T18:17:58.947416"
"2018-07-03T18:17:58.948942","emg","1","3","10","2","4","2","-2","2","2018-07-03T18:17:58.948002"
"2018-07-03T18:17:58.956879","acc","135","-1051","980","gyro","-833","-157","357","quat","15245","-5389","1042","2425","2018-07-03T18:17:58.955698"
"2018-07-03T18:17:58.957984","emg","-1","-2","15","6","-3","-1","-1","-3","2018-07-03T18:17:58.957156"
"2018-07-03T18:17:58.958328","emg","0","-1","-2","0","-9","1","0","1","2018-07-03T18:17:58.957563"
"2018-07-03T18:17:58.971556","emg","-1","-1","-6","0","3","0","0","-3","2018-07-03T18:17:58.970430"
"2018-07-03T18:17:58.971909","emg","-1","-2","-2","-5","1","-3","-1","-1","2018-07-03T18:17:58.971015"
"2018-07-03T18:17:58.973176","acc","-17","-1365","1055","gyro","-1023","-156","136","quat","15175","-5587","963","2453","2018-07-03T18:17:58.972309"
"2018-07-03T18:17:58.978423","emg","0","1","-5","4","6","0","-1","0","2018-07-03T18:17:58.977301"
"2018-07-03T18:17:58.978748","emg","1","0","9","11","4","-1","1","0","2018-07-03T18:17:58.977839"
"2018-07-03T18:17:58.985953","emg","-1","0","-4","3","-6","-1","0","-1","2018-07-03T18:17:58.984901"
"2018-07-03T18:17:58.986736","emg","-3","0","-2","-9","-5","-2","-1","-1","2018-07-03T18:17:58.985370"
"2018-07-03T18:17:58.993383","acc","-331","-1438","1044","gyro","-833","-297","-87","quat","15115","-5756","881","2458","2018-07-03T18:17:58.992400"
"2018-07-03T18:17:59.000870","emg","-2","-1","6","25","-3","-1","-3","-2","2018-07-03T18:17:58.999726"
"2018-07-03T18:17:59.001212","emg","-2","-3","-8","-35","-2","-2","-1","0","2018-07-03T18:17:59.000255"
"2018-07-03T18:17:59.008238","emg","0","-1","-5","12","-3","-2","0","1","2018-07-03T18:17:59.007166"
"2018-07-03T18:17:59.008679","emg","0","2","-6","-4","-1","-1","1","1","2018-07-03T18:17:59.007656"
"2018-07-03T18:17:59.016354","acc","-342","-1301","1054","gyro","-798","-530","-464","quat","15072","-5902","743","2420","2018-07-03T18:17:59.015215"
"2018-07-03T18:17:59.017565","emg","-3","-8","-9","-36","-11","-4","-2","-1","2018-07-03T18:17:59.016782"
"2018-07-03T18:17:59.017915","emg","0","-2","11","27","10","0","-1","-2","2018-07-03T18:17:59.017152"
"2018-07-03T18:17:59.031466","emg","1","5","25","19","-1","-2","-1","-2","2018-07-03T18:17:59.030294"
