"2018-07-03T16:21:39.332310","emg","-2","0","-2","-1","0","-2","-1","-1","2018-07-03T16:21:39.331344"
"2018-07-03T16:21:39.339086","acc","903","-1648","746","gyro","3","-9","-10","quat","7002","-433","-9024","11737","2018-07-03T16:21:39.338062"
"2018-07-03T16:21:39.346126","emg","-1","0","-2","-3","0","-1","-3","-2","2018-07-03T16:21:39.345267"
"2018-07-03T16:21:39.346441","emg","-2","-1","0","1","2","0","-2","1","2018-07-03T16:21:39.345677"
"2018-07-03T16:21:39.353637","emg","2","0","0","-2","-1","-2","-2","-2","2018-07-03T16:21:39.352758"
"2018-07-03T16:21:39.353949","emg","0","-4","-2","-1","1","1","-1","0","2018-07-03T16:21:39.353145"
"2018-07-03T16:21:39.361981","acc","899","-1656","757","gyro","2","-5","-10","quat","7002","-433","-9025","11737","2018-07-03T16:21:39.361064"
"2018-07-03T16:21:39.363083","emg","-1","-1","-2","-1","-1","-2","0","0","2018-07-03T16:21:39.362400"
"2018-07-03T16:21:39.363400","emg","0","0","0","-2","-1","0","-2","-3","2018-07-03T16:21:39.362706"
"2018-07-03T16:21:39.376526","emg","-1","0","-2","0","-2","0","-1","-1","2018-07-03T16:21:39.375332"
"2018-07-03T16:21:39.376999","emg","0","0","0","-1","0","-3","1","2","2018-07-03T16:21:39.375952"
"2018-07-03T16:21:39.385796","acc","910","-1656","760","gyro","0","-2","-13","quat","7002","-432","-9026","11736","2018-07-03T16:21:39.384208"
"2018-07-03T16:21:39.387019","emg","-3","-2","-1","0","0","-2","-2","-1","2018-07-03T16:21:39.386191"
"2018-07-03T16:21:39.387335","emg","-1","-1","-2","-3","-2","-2","-2","-4","2018-07-03T16:21:39.386608"
"2018-07-03T16:21:39.391078","emg","-1","-3","0","1","-1","-1","1","5","2018-07-03T16:21:39.390188"
"2018-07-03T16:21:39.391396","emg","-2","-2","1","-3","-3","-1","-8","-14","2018-07-03T16:21:39.390558"
"2018-07-03T16:21:39.398876","acc","898","-1641","767","gyro","0","0","-18","quat","7005","-429","-9028","11733","2018-07-03T16:21:39.397912"
"2018-07-03T16:21:39.406706","emg","-1","-2","0","-1","1","-1","1","3","2018-07-03T16:21:39.405679"
"2018-07-03T16:21:39.407041","emg","-2","-2","1","-3","-1","-1","-1","-1","2018-07-03T16:21:39.406162"
"2018-07-03T16:21:39.413931","emg","0","-2","-1","-2","-2","-1","-2","-1","2018-07-03T16:21:39.412919"
"2018-07-03T16:21:39.414243","emg","-1","0","-2","-1","-2","-1","-1","5","2018-07-03T16:21:39.413452"
"2018-07-03T16:21:39.422615","acc","905","-1656","767","gyro","-2","-1","-25","quat","7008","-426","-9031","11729","2018-07-03T16:21:39.421487"
"2018-07-03T16:21:39.423681","emg","-2","-2","-3","-2","-2","-2","0","-2","2018-07-03T16:21:39.422860"
"2018-07-03T16:21:39.424000","emg","-2","1","0","2","-1","-2","-4","-7","2018-07-03T16:21:39.423253"
"2018-07-03T16:21:39.436741","emg","0","0","-1","-2","1","1","6","10","2018-07-03T16:21:39.435683"
"2018-07-03T16:21:39.437053","emg","-2","0","-1","-1","0","-2","-9","-15","2018-07-03T16:21:39.436215"
"2018-07-03T16:21:39.445135","acc","904","-1660","758","gyro","-4","-3","-28","quat","7011","-422","-9035","11725","2018-07-03T16:21:39.444049"
"2018-07-03T16:21:39.446289","emg","0","0","-1","-2","-1","-1","-1","-2","2018-07-03T16:21:39.445397"
"2018-07-03T16:21:39.446632","emg","-3","-2","-2","2","1","1","3","3","2018-07-03T16:21:39.445848"
"2018-07-03T16:21:39.451680","emg","-1","-1","-1","-2","-1","1","0","-4","2018-07-03T16:21:39.450517"
"2018-07-03T16:21:39.452198","emg","0","1","-1","0","-2","-1","3","5","2018-07-03T16:21:39.451086"
"2018-07-03T16:21:39.458654","acc","908","-1665","770","gyro","-2","1","-32","quat","7014","-419","-9038","11720","2018-07-03T16:21:39.457944"
"2018-07-03T16:21:39.465988","emg","0","-2","0","0","-2","-2","-5","-4","2018-07-03T16:21:39.465247"
"2018-07-03T16:21:39.466292","emg","-1","-3","-2","0","-3","0","-2","-5","2018-07-03T16:21:39.465597"
"2018-07-03T16:21:39.474015","emg","1","-2","-1","0","0","-2","-2","-5","2018-07-03T16:21:39.472937"
"2018-07-03T16:21:39.474336","emg","1","0","-2","-2","0","0","2","2","2018-07-03T16:21:39.473465"
"2018-07-03T16:21:39.482794","acc","908","-1668","774","gyro","5","4","-24","quat","7018","-416","-9039","11717","2018-07-03T16:21:39.481646"
"2018-07-03T16:21:39.483837","emg","0","-1","-1","1","-2","1","0","1","2018-07-03T16:21:39.483012"
"2018-07-03T16:21:39.484178","emg","1","0","-2","-2","-1","0","-2","1","2018-07-03T16:21:39.483404"
"2018-07-03T16:21:39.496978","emg","-2","-1","-2","0","0","-2","-2","-6","2018-07-03T16:21:39.495798"
"2018-07-03T16:21:39.497334","emg","0","-1","-1","0","-1","-1","3","8","2018-07-03T16:21:39.496368"
"2018-07-03T16:21:39.505212","acc","896","-1640","747","gyro","18","-3","-22","quat","7020","-411","-9040","11716","2018-07-03T16:21:39.504074"
"2018-07-03T16:21:39.506301","emg","-1","0","-1","-1","0","-1","-4","-8","2018-07-03T16:21:39.505478"
"2018-07-03T16:21:39.506647","emg","-1","0","1","-1","1","-1","0","0","2018-07-03T16:21:39.505872"
"2018-07-03T16:21:39.511919","emg","-1","0","-2","1","-1","-1","0","0","2018-07-03T16:21:39.510793"
"2018-07-03T16:21:39.512277","emg","-3","-2","-1","-1","1","-1","0","0","2018-07-03T16:21:39.511371"
"2018-07-03T16:21:39.519240","acc","891","-1630","742","gyro","12","-21","-39","quat","7022","-403","-9044","11712","2018-07-03T16:21:39.518096"
"2018-07-03T16:21:39.526935","emg","0","1","-2","-2","-1","0","2","3","2018-07-03T16:21:39.525857"
"2018-07-03T16:21:39.527295","emg","0","-1","-2","-1","0","-1","-2","-2","2018-07-03T16:21:39.526439"
"2018-07-03T16:21:39.534555","emg","-1","-1","0","-1","-1","-2","-3","-4","2018-07-03T16:21:39.533389"
"2018-07-03T16:21:39.534916","emg","-2","-1","-1","1","0","1","1","5","2018-07-03T16:21:39.533974"
"2018-07-03T16:21:39.542710","acc","906","-1637","770","gyro","6","-26","-36","quat","7024","-395","-9047","11708","2018-07-03T16:21:39.541649"
"2018-07-03T16:21:39.543621","emg","-1","-1","0","-1","1","-1","-1","-1","2018-07-03T16:21:39.542920"
"2018-07-03T16:21:39.543969","emg","-1","0","2","1","1","-1","-1","0","2018-07-03T16:21:39.543244"
"2018-07-03T16:21:39.556731","emg","-2","-5","-3","-3","-3","0","-1","-5","2018-07-03T16:21:39.555544"
"2018-07-03T16:21:39.557094","emg","0","0","-1","-3","-4","0","-2","-4","2018-07-03T16:21:39.556126"
"2018-07-03T16:21:39.565319","acc","908","-1649","764","gyro","31","-23","-21","quat","7024","-387","-9047","11708","2018-07-03T16:21:39.564137"
"2018-07-03T16:21:39.566365","emg","-1","-3","-1","-2","-1","1","2","0","2018-07-03T16:21:39.565534"
"2018-07-03T16:21:39.566704","emg","0","-1","-2","0","-3","-3","-1","-3","2018-07-03T16:21:39.565932"
"2018-07-03T16:21:39.571475","emg","-1","0","1","2","2","-1","0","1","2018-07-03T16:21:39.570334"
"2018-07-03T16:21:39.571911","emg","-2","-1","-1","0","1","-1","-1","0","2018-07-03T16:21:39.570905"
"2018-07-03T16:21:39.579165","acc","915","-1628","772","gyro","52","-12","-12","quat","7026","-378","-9042","11711","2018-07-03T16:21:39.578099"
"2018-07-03T16:21:39.587047","emg","1","0","1","0","-2","-1","-1","-1","2018-07-03T16:21:39.585828"
"2018-07-03T16:21:39.587428","emg","0","-1","-3","-2","-1","-1","2","1","2018-07-03T16:21:39.586409"
"2018-07-03T16:21:39.594095","emg","0","-2","-2","0","-1","0","-2","-3","2018-07-03T16:21:39.592977"
"2018-07-03T16:21:39.594562","emg","-1","-1","-1","-1","-1","-2","-1","-2","2018-07-03T16:21:39.593491"
"2018-07-03T16:21:39.601780","acc","895","-1635","773","gyro","48","-13","-13","quat","7026","-371","-9039","11714","2018-07-03T16:21:39.600984"
"2018-07-03T16:21:39.602732","emg","-1","1","-1","0","0","-1","2","12","2018-07-03T16:21:39.602053"
"2018-07-03T16:21:39.603033","emg","-3","-2","-1","-1","-2","-1","-9","-21","2018-07-03T16:21:39.602350"
"2018-07-03T16:21:39.616981","emg","1","2","-3","-1","-1","-3","0","3","2018-07-03T16:21:39.615818"
"2018-07-03T16:21:39.617343","emg","-1","-3","1","-1","0","2","0","-2","2018-07-03T16:21:39.616345"
"2018-07-03T16:21:39.625253","acc","902","-1627","756","gyro","36","-10","-23","quat","7028","-364","-9037","11715","2018-07-03T16:21:39.624137"
"2018-07-03T16:21:39.626351","emg","0","1","-1","1","-1","0","2","5","2018-07-03T16:21:39.625469"
"2018-07-03T16:21:39.626694","emg","-2","-2","-1","-2","-2","0","-2","1","2018-07-03T16:21:39.625872"
"2018-07-03T16:21:39.631574","emg","-2","1","-1","0","-1","-1","1","-1","2018-07-03T16:21:39.630577"
"2018-07-03T16:21:39.631887","emg","1","-1","-2","0","0","-2","-3","-3","2018-07-03T16:21:39.631059"
"2018-07-03T16:21:39.639017","acc","902","-1613","762","gyro","22","-5","-22","quat","7030","-358","-9037","11714","2018-07-03T16:21:39.638046"
"2018-07-03T16:21:39.646897","emg","0","-1","-1","-3","-1","1","-3","-3","2018-07-03T16:21:39.645791"
"2018-07-03T16:21:39.647255","emg","-1","0","0","-2","-2","-1","2","3","2018-07-03T16:21:39.646315"
"2018-07-03T16:21:39.654304","emg","-2","-3","-1","1","1","0","-3","-4","2018-07-03T16:21:39.653187"
"2018-07-03T16:21:39.654671","emg","-1","-1","0","-2","-1","0","1","5","2018-07-03T16:21:39.653718"
"2018-07-03T16:21:39.662737","acc","910","-1624","767","gyro","-2","-6","-13","quat","7030","-358","-9037","11713","2018-07-03T16:21:39.661670"
"2018-07-03T16:21:39.663725","emg","-2","-1","-1","1","-2","-1","-2","-4","2018-07-03T16:21:39.662950"
"2018-07-03T16:21:39.664071","emg","-1","0","-2","-1","0","-1","-2","-1","2018-07-03T16:21:39.663287"
"2018-07-03T16:21:39.676724","emg","1","1","0","0","-1","-1","1","2","2018-07-03T16:21:39.675542"
"2018-07-03T16:21:39.677101","emg","-1","-2","-2","-2","-1","1","-2","-2","2018-07-03T16:21:39.676068"
"2018-07-03T16:21:39.685240","acc","919","-1632","766","gyro","-4","-6","-8","quat","7030","-357","-9038","11713","2018-07-03T16:21:39.684138"
"2018-07-03T16:21:39.686208","emg","-1","-1","0","0","-2","-1","-4","-4","2018-07-03T16:21:39.685462"
"2018-07-03T16:21:39.686528","emg","-1","0","-1","-2","-1","-2","0","3","2018-07-03T16:21:39.685810"
"2018-07-03T16:21:39.699818","emg","1","-1","0","-2","-2","-1","-1","-1","2018-07-03T16:21:39.698707"
"2018-07-03T16:21:39.700184","emg","0","0","0","1","-2","0","-1","-3","2018-07-03T16:21:39.699230"
"2018-07-03T16:21:39.701209","acc","923","-1640","757","gyro","12","-8","-9","quat","7030","-357","-9038","11712","2018-07-03T16:21:39.700420"
"2018-07-03T16:21:39.706877","emg","-4","-4","-1","-1","-1","-1","0","-4","2018-07-03T16:21:39.705768"
"2018-07-03T16:21:39.707235","emg","-2","-1","-2","0","0","-2","1","3","2018-07-03T16:21:39.706289"
"2018-07-03T16:21:39.714722","emg","0","0","0","-1","1","0","-1","0","2018-07-03T16:21:39.713630"
"2018-07-03T16:21:39.715084","emg","0","1","0","1","-2","0","3","0","2018-07-03T16:21:39.714145"
"2018-07-03T16:21:39.722121","acc","918","-1643","761","gyro","26","-15","-12","quat","7030","-351","-9039","11712","2018-07-03T16:21:39.720965"
"2018-07-03T16:21:39.729212","emg","-1","-2","-1","0","-1","-4","-3","-2","2018-07-03T16:21:39.728090"
"2018-07-03T16:21:39.729573","emg","0","0","0","-2","-2","-1","-2","-2","2018-07-03T16:21:39.728673"
"2018-07-03T16:21:39.736843","emg","-2","0","-1","-2","0","-1","-2","-1","2018-07-03T16:21:39.735653"
"2018-07-03T16:21:39.737202","emg","0","0","-1","0","3","-3","1","3","2018-07-03T16:21:39.736191"
"2018-07-03T16:21:39.745323","acc","915","-1641","786","gyro","14","-32","-12","quat","7029","-344","-9040","11712","2018-07-03T16:21:39.744145"
"2018-07-03T16:21:39.746366","emg","0","0","-2","-1","0","-2","-1","-1","2018-07-03T16:21:39.745533"
"2018-07-03T16:21:39.746710","emg","1","-1","-2","0","-1","1","2","5","2018-07-03T16:21:39.745877"
"2018-07-03T16:21:39.759936","emg","-3","-2","-1","-2","1","-2","-1","-2","2018-07-03T16:21:39.758836"
"2018-07-03T16:21:39.760308","emg","-5","-1","-1","-1","-1","0","-3","-12","2018-07-03T16:21:39.759358"
"2018-07-03T16:21:39.761331","acc","927","-1656","792","gyro","-18","-33","-5","quat","7027","-339","-9046","11709","2018-07-03T16:21:39.760545"
"2018-07-03T16:21:39.766712","emg","4","1","-2","-2","0","-2","1","17","2018-07-03T16:21:39.765708"
"2018-07-03T16:21:39.767021","emg","0","-1","0","3","0","-2","-2","-1","2018-07-03T16:21:39.766186"
"2018-07-03T16:21:39.774441","emg","-1","1","3","9","2","1","-2","2","2018-07-03T16:21:39.773348"
"2018-07-03T16:21:39.774820","emg","-2","-5","-8","-12","-5","-2","-3","-5","2018-07-03T16:21:39.773902"
"2018-07-03T16:21:39.781732","acc","893","-1678","929","gyro","-163","-59","64","quat","7015","-352","-9061","11705","2018-07-03T16:21:39.780648"
"2018-07-03T16:21:39.789455","emg","-3","-3","0","-4","-4","-11","-9","-8","2018-07-03T16:21:39.788297"
"2018-07-03T16:21:39.789818","emg","11","4","8","3","2","10","36","9","2018-07-03T16:21:39.788867"
"2018-07-03T16:21:39.796445","emg","2","-1","-8","-1","-7","12","26","7","2018-07-03T16:21:39.795414"
"2018-07-03T16:21:39.796858","emg","-5","-4","1","4","-4","-51","-63","-13","2018-07-03T16:21:39.795903"
"2018-07-03T16:21:39.804709","acc","818","-1736","1086","gyro","-480","-116","217","quat","6976","-403","-9107","11690","2018-07-03T16:21:39.803614"
"2018-07-03T16:21:39.805730","emg","15","11","9","9","21","87","89","33","2018-07-03T16:21:39.804983"
"2018-07-03T16:21:39.806053","emg","1","-4","-6","2","-7","-18","-18","-17","2018-07-03T16:21:39.805349"
"2018-07-03T16:21:39.818781","emg","-12","-4","-6","2","-3","-10","-12","18","2018-07-03T16:21:39.817775"
"2018-07-03T16:21:39.819089","emg","2","1","2","-13","2","11","21","-38","2018-07-03T16:21:39.818255"
"2018-07-03T16:21:39.827417","acc","894","-1837","1098","gyro","-720","-79","277","quat","6934","-479","-9181","11654","2018-07-03T16:21:39.826325"
"2018-07-03T16:21:39.828416","emg","-9","-6","2","-2","-6","-25","-38","-2","2018-07-03T16:21:39.827629"
"2018-07-03T16:21:39.828806","emg","2","2","-11","2","-4","16","3","8","2018-07-03T16:21:39.827969"
"2018-07-03T16:21:39.834218","emg","4","-1","0","-10","2","-3","-5","-15","2018-07-03T16:21:39.833207"
"2018-07-03T16:21:39.834530","emg","-7","-10","-41","-45","-37","-68","-15","11","2018-07-03T16:21:39.833693"
"2018-07-03T16:21:39.851111","acc","983","-1918","959","gyro","-1066","271","275","quat","6924","-621","-9284","11572","2018-07-03T16:21:39.850095"
"2018-07-03T16:21:39.852793","emg","1","5","14","24","38","64","-9","-16","2018-07-03T16:21:39.851802"
"2018-07-03T16:21:39.853124","emg","-1","5","31","7","16","6","4","-4","2018-07-03T16:21:39.852286"
"2018-07-03T16:21:39.856269","emg","-7","-5","-12","-18","-25","-56","-51","-5","2018-07-03T16:21:39.855269"
"2018-07-03T16:21:39.856683","emg","5","-5","-63","-24","-7","77","25","16","2018-07-03T16:21:39.855782"
"2018-07-03T16:21:39.863966","acc","865","-1742","871","gyro","-1418","494","557","quat","6899","-844","-9407","11473","2018-07-03T16:21:39.863292"
"2018-07-03T16:21:39.864739","emg","-9","-5","8","3","4","-47","-53","-23","2018-07-03T16:21:39.864224"
"2018-07-03T16:21:39.864967","emg","2","0","10","8","8","28","-14","21","2018-07-03T16:21:39.864437"
"2018-07-03T16:21:39.878346","emg","0","0","18","21","12","2","3","11","2018-07-03T16:21:39.877591"
"2018-07-03T16:21:39.878600","emg","-9","-5","18","18","-6","-29","-24","-58","2018-07-03T16:21:39.877938"
"2018-07-03T16:21:39.886703","acc","843","-2071","616","gyro","-1511","658","1163","quat","6799","-1166","-9541","11393","2018-07-03T16:21:39.885908"
"2018-07-03T16:21:39.887485","emg","3","-4","-24","-35","-24","-16","-14","49","2018-07-03T16:21:39.886974"
"2018-07-03T16:21:39.887710","emg","-9","-5","-3","3","-5","-36","-17","-12","2018-07-03T16:21:39.887214"
"2018-07-03T16:21:39.894126","emg","9","1","-5","-10","-5","-8","0","21","2018-07-03T16:21:39.893178"
"2018-07-03T16:21:39.894422","emg","-5","0","9","13","11","44","45","-6","2018-07-03T16:21:39.893624"
"2018-07-03T16:21:39.901335","acc","877","-2420","777","gyro","-1234","765","1535","quat","6666","-1517","-9616","11368","2018-07-03T16:21:39.900393"
"2018-07-03T16:21:39.909127","emg","-2","-3","-4","3","-14","-39","-22","-2","2018-07-03T16:21:39.908110"
"2018-07-03T16:21:39.909431","emg","-5","-2","-5","-11","13","16","2","-24","2018-07-03T16:21:39.908676"
"2018-07-03T16:21:39.916284","emg","2","0","-1","-3","-1","-11","18","6","2018-07-03T16:21:39.915296"
"2018-07-03T16:21:39.916607","emg","6","5","17","23","6","14","-4","18","2018-07-03T16:21:39.915748"
"2018-07-03T16:21:39.924831","acc","731","-2698","764","gyro","-1060","759","1744","quat","6508","-1874","-9661","11368","2018-07-03T16:21:39.923915"
"2018-07-03T16:21:39.925561","emg","-1","1","7","-7","-2","-22","-2","-29","2018-07-03T16:21:39.924992"
"2018-07-03T16:21:39.925829","emg","2","-2","-5","-16","-14","26","36","41","2018-07-03T16:21:39.925255"
"2018-07-03T16:21:39.938791","emg","5","2","-18","11","15","16","-1","-23","2018-07-03T16:21:39.937871"
"2018-07-03T16:21:39.939066","emg","-1","-2","22","9","7","13","-17","26","2018-07-03T16:21:39.938362"
"2018-07-03T16:21:39.947028","acc","698","-3020","857","gyro","-907","932","2394","quat","6286","-2308","-9653","11420","2018-07-03T16:21:39.946104"
"2018-07-03T16:21:39.947840","emg","7","4","8","5","15","27","45","-5","2018-07-03T16:21:39.947199"
"2018-07-03T16:21:39.948107","emg","-6","-3","-16","-6","-12","-32","-24","-1","2018-07-03T16:21:39.947505"
"2018-07-03T16:21:39.953354","emg","-6","-4","-8","-16","-11","-34","-21","-14","2018-07-03T16:21:39.952642"
"2018-07-03T16:21:39.953615","emg","1","9","18","30","16","-6","-14","3","2018-07-03T16:21:39.953009"
"2018-07-03T16:21:39.961960","acc","568","-2977","791","gyro","-323","1004","2952","quat","6012","-2765","-9545","11556","2018-07-03T16:21:39.960906"
"2018-07-03T16:21:39.969492","emg","-2","-7","9","-24","-33","-20","-15","8","2018-07-03T16:21:39.968309"
"2018-07-03T16:21:39.969849","emg","9","2","-15","-16","7","74","66","1","2018-07-03T16:21:39.968936"
"2018-07-03T16:21:39.977520","emg","-3","-3","-3","5","7","-12","-20","-9","2018-07-03T16:21:39.975744"
"2018-07-03T16:21:39.978113","emg","-1","-3","0","4","-8","-88","6","7","2018-07-03T16:21:39.976332"
"2018-07-03T16:21:39.985787","acc","393","-2651","664","gyro","-196","1009","3455","quat","5672","-3262","-9394","11721","2018-07-03T16:21:39.984461"
"2018-07-03T16:21:39.987883","emg","-10","-6","-6","4","-32","-17","-50","-22","2018-07-03T16:21:39.986687"
"2018-07-03T16:21:39.988265","emg","5","4","13","12","24","55","43","27","2018-07-03T16:21:39.987307"
"2018-07-03T16:21:39.998846","emg","-6","-3","2","-2","12","-46","-45","-42","2018-07-03T16:21:39.997784"
"2018-07-03T16:21:39.999207","emg","-7","0","-2","-9","1","42","56","2","2018-07-03T16:21:39.998312"
"2018-07-03T16:21:40.007217","acc","175","-2630","663","gyro","-390","981","3893","quat","5257","-3805","-9237","11875","2018-07-03T16:21:40.006171"
"2018-07-03T16:21:40.008177","emg","11","4","-12","10","22","51","45","56","2018-07-03T16:21:40.007394"
"2018-07-03T16:21:40.008583","emg","-14","-8","-10","-8","-26","-101","-34","-15","2018-07-03T16:21:40.007759"
"2018-07-03T16:21:40.013948","emg","4","-3","-4","-11","-70","17","5","6","2018-07-03T16:21:40.012988"
"2018-07-03T16:21:40.014281","emg","4","5","11","0","41","70","-13","5","2018-07-03T16:21:40.013451"
"2018-07-03T16:21:40.021706","acc","45","-2771","733","gyro","-401","941","4272","quat","4780","-4371","-9048","12025","2018-07-03T16:21:40.020458"
"2018-07-03T16:21:40.028945","emg","0","1","-6","1","20","-17","4","-24","2018-07-03T16:21:40.027802"
"2018-07-03T16:21:40.029334","emg","-5","-2","-3","-3","10","8","-26","-9","2018-07-03T16:21:40.028305"
"2018-07-03T16:21:40.036228","emg","1","5","12","2","-7","0","29","13","2018-07-03T16:21:40.035315"
"2018-07-03T16:21:40.036532","emg","-3","-3","1","6","-25","-58","-19","-8","2018-07-03T16:21:40.035826"
"2018-07-03T16:21:40.044423","acc","-137","-2786","698","gyro","4","895","4676","quat","4254","-4937","-8770","12209","2018-07-03T16:21:40.043566"
"2018-07-03T16:21:40.045420","emg","-6","-2","-7","-5","24","30","26","-9","2018-07-03T16:21:40.044694"
"2018-07-03T16:21:40.045719","emg","1","0","-6","-2","-21","-13","-18","-5","2018-07-03T16:21:40.045040"
"2018-07-03T16:21:40.058627","emg","-3","1","19","2","20","-33","-6","-7","2018-07-03T16:21:40.057747"
"2018-07-03T16:21:40.058939","emg","3","-5","-6","-7","9","32","8","11","2018-07-03T16:21:40.058190"
"2018-07-03T16:21:40.067263","acc","-317","-2702","616","gyro","599","837","4988","quat","3703","-5483","-8376","12430","2018-07-03T16:21:40.066248"
"2018-07-03T16:21:40.068179","emg","-6","-3","-2","7","-27","-4","-6","-7","2018-07-03T16:21:40.067456"
"2018-07-03T16:21:40.068475","emg","2","5","7","-2","30","23","-2","-3","2018-07-03T16:21:40.067800"
"2018-07-03T16:21:40.074236","emg","-3","-5","-3","3","15","11","-4","1","2018-07-03T16:21:40.073267"
"2018-07-03T16:21:40.074551","emg","-3","-5","-6","-5","-11","14","-19","4","2018-07-03T16:21:40.073811"
"2018-07-03T16:21:40.081935","acc","-448","-2439","575","gyro","1044","788","5135","quat","3143","-5999","-7890","12662","2018-07-03T16:21:40.080925"
"2018-07-03T16:21:40.088871","emg","5","1","-2","-2","-9","-16","39","2","2018-07-03T16:21:40.087824"
"2018-07-03T16:21:40.089183","emg","-4","-4","1","0","-35","-52","-45","-18","2018-07-03T16:21:40.088342"
"2018-07-03T16:21:40.096854","emg","-5","1","-8","-3","-3","33","17","-3","2018-07-03T16:21:40.095815"
"2018-07-03T16:21:40.097170","emg","4","1","-2","-10","2","-10","9","13","2018-07-03T16:21:40.096325"
"2018-07-03T16:21:40.105303","acc","-561","-2172","549","gyro","1387","725","5331","quat","2563","-6491","-7320","12890","2018-07-03T16:21:40.104130"
"2018-07-03T16:21:40.106358","emg","-6","-8","-3","15","15","-6","-21","-17","2018-07-03T16:21:40.105524"
"2018-07-03T16:21:40.106701","emg","0","-5","-3","-4","-16","-9","-1","2","2018-07-03T16:21:40.105923"
"2018-07-03T16:21:40.118496","emg","2","1","6","7","24","15","15","0","2018-07-03T16:21:40.117720"
"2018-07-03T16:21:40.118803","emg","1","0","-8","-8","8","-9","0","0","2018-07-03T16:21:40.118123"
"2018-07-03T16:21:40.127347","acc","-699","-1853","517","gyro","1550","673","5474","quat","1961","-6959","-6692","13091","2018-07-03T16:21:40.126280"
"2018-07-03T16:21:40.128267","emg","1","1","7","-5","-9","13","1","-3","2018-07-03T16:21:40.127546"
"2018-07-03T16:21:40.128563","emg","0","0","1","9","7","8","1","-4","2018-07-03T16:21:40.127892"
"2018-07-03T16:21:40.134255","emg","0","-4","1","10","39","16","3","5","2018-07-03T16:21:40.133239"
"2018-07-03T16:21:40.134561","emg","-1","0","-4","-7","-8","-17","-2","-1","2018-07-03T16:21:40.133773"
"2018-07-03T16:21:40.141719","acc","-924","-1622","497","gyro","1560","601","5507","quat","1341","-7395","-6035","13249","2018-07-03T16:21:40.140687"
"2018-07-03T16:21:40.149215","emg","-5","-3","-14","0","-4","8","-4","-3","2018-07-03T16:21:40.148166"
"2018-07-03T16:21:40.149521","emg","-2","-1","-1","-3","-4","-15","-11","-3","2018-07-03T16:21:40.148718"
"2018-07-03T16:21:40.156659","emg","1","2","9","-5","-25","4","5","0","2018-07-03T16:21:40.155606"
"2018-07-03T16:21:40.156976","emg","0","3","5","8","8","1","3","6","2018-07-03T16:21:40.156133"
"2018-07-03T16:21:40.165399","acc","-1008","-1446","420","gyro","1581","495","5571","quat","702","-7791","-5350","13365","2018-07-03T16:21:40.164216"
"2018-07-03T16:21:40.166444","emg","-1","-2","-2","-7","2","-6","-3","-5","2018-07-03T16:21:40.165613"
"2018-07-03T16:21:40.166787","emg","-3","-6","-8","-4","2","-7","-3","-3","2018-07-03T16:21:40.166010"
"2018-07-03T16:21:40.179150","emg","0","3","-1","7","-7","7","5","2","2018-07-03T16:21:40.177957"
"2018-07-03T16:21:40.179524","emg","0","1","20","-2","0","8","-1","-2","2018-07-03T16:21:40.178526"
"2018-07-03T16:21:40.187528","acc","-1040","-1223","403","gyro","1612","465","5551","quat","64","-8151","-4641","13433","2018-07-03T16:21:40.186380"
"2018-07-03T16:21:40.188567","emg","-4","-3","-31","-9","-7","-19","-2","-2","2018-07-03T16:21:40.187746"
"2018-07-03T16:21:40.188973","emg","-3","-4","3","-1","-2","-4","20","-3","2018-07-03T16:21:40.188134"
"2018-07-03T16:21:40.194424","emg","2","-1","-1","0","1","28","3","6","2018-07-03T16:21:40.193287"
"2018-07-03T16:21:40.194777","emg","1","0","0","1","-10","-14","-17","-1","2018-07-03T16:21:40.193877"
"2018-07-03T16:21:40.201684","acc","-1200","-1003","338","gyro","1694","416","5456","quat","-556","-8471","-3909","13457","2018-07-03T16:21:40.200558"
"2018-07-03T16:21:40.209432","emg","1","0","7","-1","-1","-1","13","-1","2018-07-03T16:21:40.208273"
"2018-07-03T16:21:40.209794","emg","-3","-2","-9","-2","-2","-14","-10","-3","2018-07-03T16:21:40.208846"
"2018-07-03T16:21:40.216866","emg","-2","-1","-1","-3","-1","8","4","0","2018-07-03T16:21:40.215712"
"2018-07-03T16:21:40.217227","emg","-1","-1","-3","-2","-3","0","1","-1","2018-07-03T16:21:40.216245"
"2018-07-03T16:21:40.225293","acc","-1352","-763","343","gyro","1775","264","5414","quat","-1168","-8736","-3153","13447","2018-07-03T16:21:40.224152"
"2018-07-03T16:21:40.226354","emg","-3","0","8","-4","-6","-19","-12","-4","2018-07-03T16:21:40.225521"
"2018-07-03T16:21:40.226695","emg","0","1","-3","3","6","8","0","-1","2018-07-03T16:21:40.225871"
"2018-07-03T16:21:40.238969","emg","-1","-5","-4","1","-5","0","-7","2","2018-07-03T16:21:40.237906"
"2018-07-03T16:21:40.239322","emg","-1","0","-7","-5","-7","-2","0","-1","2018-07-03T16:21:40.238422"
"2018-07-03T16:21:40.247223","acc","-1305","-510","294","gyro","1860","81","5284","quat","-1755","-8939","-2381","13408","2018-07-03T16:21:40.246256"
"2018-07-03T16:21:40.248175","emg","0","-1","2","-3","-5","-11","-9","-5","2018-07-03T16:21:40.247393"
"2018-07-03T16:21:40.248477","emg","0","1","4","3","6","-11","1","2","2018-07-03T16:21:40.247747"
"2018-07-03T16:21:40.254202","emg","-3","-2","-4","-2","5","32","14","1","2018-07-03T16:21:40.253217"
"2018-07-03T16:21:40.254512","emg","0","-2","-1","-2","-3","4","21","-9","2018-07-03T16:21:40.253695"
"2018-07-03T16:21:40.262310","acc","-1287","-267","234","gyro","1759","-84","5058","quat","-2317","-9081","-1632","13340","2018-07-03T16:21:40.261232"
"2018-07-03T16:21:40.269198","emg","5","1","0","2","1","-4","-18","9","2018-07-03T16:21:40.268106"
"2018-07-03T16:21:40.269670","emg","-1","-1","2","0","0","-1","8","4","2018-07-03T16:21:40.268665"
"2018-07-03T16:21:40.276664","emg","-6","-3","-2","-4","-4","-8","-1","-4","2018-07-03T16:21:40.275506"
"2018-07-03T16:21:40.277040","emg","4","-3","-3","1","-1","-1","-1","-1","2018-07-03T16:21:40.276035"
"2018-07-03T16:21:40.285280","acc","-1580","-73","158","gyro","1648","-320","4867","quat","-2859","-9156","-906","13252","2018-07-03T16:21:40.284169"
"2018-07-03T16:21:40.286296","emg","-13","-2","2","-1","0","2","3","-4","2018-07-03T16:21:40.285494"
"2018-07-03T16:21:40.286649","emg","0","-2","1","-2","-3","3","-6","-5","2018-07-03T16:21:40.285838"
"2018-07-03T16:21:40.299020","emg","1","-3","-3","-3","-2","-4","-2","3","2018-07-03T16:21:40.297901"
"2018-07-03T16:21:40.299377","emg","-19","-3","-3","-2","-8","-8","-7","-1","2018-07-03T16:21:40.298437"
"2018-07-03T16:21:40.307135","acc","-1663","197","79","gyro","1582","-629","4756","quat","-3385","-9158","-186","13155","2018-07-03T16:21:40.306134"
"2018-07-03T16:21:40.308146","emg","-10","0","5","2","10","3","4","-56","2018-07-03T16:21:40.307426"
"2018-07-03T16:21:40.308465","emg","32","6","4","-6","-8","-7","-32","88","2018-07-03T16:21:40.307764"
"2018-07-03T16:21:40.314423","emg","-3","1","1","-3","-3","-19","6","-5","2018-07-03T16:21:40.313319"
"2018-07-03T16:21:40.314788","emg","-8","-4","-12","0","-1","-23","-17","0","2018-07-03T16:21:40.313843"
"2018-07-03T16:21:40.321874","acc","-1620","597","227","gyro","1068","-1012","4576","quat","-3930","-9059","462","13066","2018-07-03T16:21:40.320870"
"2018-07-03T16:21:40.329207","emg","0","0","2","2","2","15","37","-12","2018-07-03T16:21:40.328023"
"2018-07-03T16:21:40.329592","emg","-26","-14","-8","-3","-9","7","-70","-56","2018-07-03T16:21:40.328543"
"2018-07-03T16:21:40.336998","emg","-29","1","2","0","-13","-36","-12","20","2018-07-03T16:21:40.335779"
"2018-07-03T16:21:40.337378","emg","40","9","6","3","0","50","40","25","2018-07-03T16:21:40.336316"
"2018-07-03T16:21:40.345597","acc","-1474","704","432","gyro","102","-1468","4336","quat","-4524","-8827","967","13005","2018-07-03T16:21:40.344336"
"2018-07-03T16:21:40.347580","emg","-19","-7","-5","7","4","-23","-9","-14","2018-07-03T16:21:40.346508"
"2018-07-03T16:21:40.347958","emg","-2","-1","0","0","-2","-10","51","-22","2018-07-03T16:21:40.347039"
"2018-07-03T16:21:40.359087","emg","-3","-3","-8","-4","-1","6","4","-12","2018-07-03T16:21:40.358220"
"2018-07-03T16:21:40.359416","emg","-29","-16","-10","-20","-30","-106","-109","-28","2018-07-03T16:21:40.358686"
"2018-07-03T16:21:40.367009","acc","-1066","906","413","gyro","-979","-1754","3785","quat","-5133","-8485","1284","12979","2018-07-03T16:21:40.366081"
"2018-07-03T16:21:40.367931","emg","14","9","9","19","27","87","62","20","2018-07-03T16:21:40.367232"
"2018-07-03T16:21:40.368234","emg","-3","0","1","-2","-7","105","67","-7","2018-07-03T16:21:40.367539"
"2018-07-03T16:21:40.374224","emg","0","-3","-6","-7","-7","-27","-49","14","2018-07-03T16:21:40.373229"
"2018-07-03T16:21:40.374534","emg","-7","-4","-3","1","-1","-43","21","-16","2018-07-03T16:21:40.373707"
"2018-07-03T16:21:40.381831","acc","-829","1129","527","gyro","-1638","-1832","3188","quat","-5709","-8084","1459","12976","2018-07-03T16:21:40.380815"
"2018-07-03T16:21:40.389325","emg","15","0","-1","-8","2","42","41","-46","2018-07-03T16:21:40.388256"
"2018-07-03T16:21:40.389636","emg","-12","2","4","1","-5","-9","24","20","2018-07-03T16:21:40.388819"
"2018-07-03T16:21:40.395963","emg","23","0","3","7","-20","-45","17","26","2018-07-03T16:21:40.395237"
"2018-07-03T16:21:40.396262","emg","15","14","11","10","77","104","4","29","2018-07-03T16:21:40.395581"
"2018-07-03T16:21:40.404632","acc","-927","773","647","gyro","-1720","-2033","2563","quat","-6186","-7644","1568","13011","2018-07-03T16:21:40.403560"
"2018-07-03T16:21:40.405589","emg","-5","-6","-8","-11","-17","-7","56","28","2018-07-03T16:21:40.404852"
"2018-07-03T16:21:40.405887","emg","-18","-13","-3","6","12","40","63","5","2018-07-03T16:21:40.405208"
"2018-07-03T16:21:40.419572","emg","11","7","-4","-13","4","-15","-30","-65","2018-07-03T16:21:40.418457"
"2018-07-03T16:21:40.420084","emg","5","-2","0","5","-26","-35","-36","-5","2018-07-03T16:21:40.418927"
"2018-07-03T16:21:40.420865","acc","-806","659","677","gyro","-1421","-2292","1866","quat","-6526","-7188","1676","13091","2018-07-03T16:21:40.420008"
"2018-07-03T16:21:40.426162","emg","-3","-9","2","-1","-6","-18","24","18","2018-07-03T16:21:40.425218"
"2018-07-03T16:21:40.426481","emg","3","-9","-3","2","20","-16","-44","-4","2018-07-03T16:21:40.425655"
"2018-07-03T16:21:40.433895","emg","3","-15","-1","-2","-7","13","23","15","2018-07-03T16:21:40.432901"
"2018-07-03T16:21:40.434207","emg","-6","-4","-3","-7","-12","-7","-14","-18","2018-07-03T16:21:40.433379"
"2018-07-03T16:21:40.441827","acc","-428","982","606","gyro","-1160","-2418","1330","quat","-6762","-6733","1796","13196","2018-07-03T16:21:40.440879"
"2018-07-03T16:21:40.449458","emg","1","4","2","13","4","-2","-34","8","2018-07-03T16:21:40.448318"
"2018-07-03T16:21:40.449824","emg","7","15","-2","0","-4","-49","-7","-11","2018-07-03T16:21:40.448881"
"2018-07-03T16:21:40.456567","emg","-1","20","4","5","23","33","-9","-8","2018-07-03T16:21:40.455458"
"2018-07-03T16:21:40.456971","emg","1","16","2","-2","-6","28","16","11","2018-07-03T16:21:40.455989"
"2018-07-03T16:21:40.465627","acc","48","1049","1619","gyro","348","-1329","585","quat","-6836","-6470","2033","13255","2018-07-03T16:21:40.464383"
"2018-07-03T16:21:40.466927","emg","-4","0","-4","-3","-12","-49","-85","2","2018-07-03T16:21:40.466078"
"2018-07-03T16:21:40.467315","emg","8","5","-2","-16","-10","-30","-21","3","2018-07-03T16:21:40.466441"
"2018-07-03T16:21:40.479948","emg","-9","-9","-1","7","2","49","58","4","2018-07-03T16:21:40.478791"
"2018-07-03T16:21:40.480500","emg","2","-8","1","-3","9","-5","39","-2","2018-07-03T16:21:40.479304"
"2018-07-03T16:21:40.481799","acc","616","672","1532","gyro","-28","-228","-149","quat","-6864","-6320","2082","13306","2018-07-03T16:21:40.481041"
"2018-07-03T16:21:40.486630","emg","9","-4","4","-7","-22","-29","-19","12","2018-07-03T16:21:40.485461"
"2018-07-03T16:21:40.487007","emg","-6","-23","-13","13","5","-14","-8","-15","2018-07-03T16:21:40.485981"
"2018-07-03T16:21:40.494069","emg","-2","-5","-1","-18","14","18","8","3","2018-07-03T16:21:40.492932"
"2018-07-03T16:21:40.494461","emg","4","5","20","24","-3","0","12","-1","2018-07-03T16:21:40.493432"
"2018-07-03T16:21:40.501806","acc","-471","-343","1157","gyro","730","749","-749","quat","-6715","-6448","2010","13331","2018-07-03T16:21:40.500873"
"2018-07-03T16:21:40.509270","emg","-2","0","3","-6","-7","-27","-36","-2","2018-07-03T16:21:40.508183"
"2018-07-03T16:21:40.509601","emg","-1","9","-12","-14","-5","-1","-12","-2","2018-07-03T16:21:40.508694"
"2018-07-03T16:21:40.516736","emg","-1","3","-6","-30","-30","-15","-24","-6","2018-07-03T16:21:40.515641"
"2018-07-03T16:21:40.517066","emg","-2","5","28","33","37","18","1","4","2018-07-03T16:21:40.516131"
"2018-07-03T16:21:40.525163","acc","-952","427","947","gyro","919","606","-619","quat","-6562","-6617","2025","13322","2018-07-03T16:21:40.524035"
"2018-07-03T16:21:40.526351","emg","3","9","19","-16","-17","0","-15","7","2018-07-03T16:21:40.525575"
"2018-07-03T16:21:40.526696","emg","-5","-13","-69","-38","-18","-6","-14","-8","2018-07-03T16:21:40.525928"
"2018-07-03T16:21:40.539738","emg","1","-2","23","11","2","-4","3","5","2018-07-03T16:21:40.538701"
"2018-07-03T16:21:40.540218","emg","-4","-2","-6","-19","2","1","5","-5","2018-07-03T16:21:40.539181"
"2018-07-03T16:21:40.541356","acc","-857","1363","589","gyro","373","400","-406","quat","-6491","-6745","2069","13286","2018-07-03T16:21:40.540696"
"2018-07-03T16:21:40.546794","emg","4","6","25","30","22","0","-4","6","2018-07-03T16:21:40.545765"
"2018-07-03T16:21:40.547132","emg","3","1","4","-15","-33","-21","-7","-3","2018-07-03T16:21:40.546237"
"2018-07-03T16:21:40.554225","emg","2","0","-8","22","34","9","-1","1","2018-07-03T16:21:40.553182"
"2018-07-03T16:21:40.554551","emg","-2","-6","-4","0","-7","2","2","1","2018-07-03T16:21:40.553658"
"2018-07-03T16:21:40.561855","acc","-738","1262","814","gyro","74","317","-384","quat","-6449","-6813","2071","13272","2018-07-03T16:21:40.560919"
"2018-07-03T16:21:40.569482","emg","-2","-6","-29","-15","-5","-17","-16","-1","2018-07-03T16:21:40.568274"
"2018-07-03T16:21:40.569858","emg","4","4","18","22","12","-6","-4","2","2018-07-03T16:21:40.568838"
"2018-07-03T16:21:40.576977","emg","0","-1","0","4","-5","2","-2","-6","2018-07-03T16:21:40.575757"
"2018-07-03T16:21:40.577446","emg","4","3","7","14","-8","-5","6","3","2018-07-03T16:21:40.576292"
"2018-07-03T16:21:40.585111","acc","-837","943","870","gyro","135","417","-537","quat","-6374","-6899","2035","13269","2018-07-03T16:21:40.584046"
"2018-07-03T16:21:40.586408","emg","-6","-11","-19","-47","-1","-8","-4","2","2018-07-03T16:21:40.585421"
"2018-07-03T16:21:40.586761","emg","-1","-1","8","30","13","-1","-2","-4","2018-07-03T16:21:40.585906"
"2018-07-03T16:21:40.599772","emg","-1","-2","12","-10","-4","4","2","2","2018-07-03T16:21:40.598682"
"2018-07-03T16:21:40.600147","emg","-5","-3","-4","21","-13","-4","2","-4","2018-07-03T16:21:40.599244"
"2018-07-03T16:21:40.601130","acc","-646","857","962","gyro","338","733","-654","quat","-6281","-7026","1999","13252","2018-07-03T16:21:40.600431"
"2018-07-03T16:21:40.606239","emg","-1","-3","-36","-29","0","3","-6","0","2018-07-03T16:21:40.605336"
"2018-07-03T16:21:40.606594","emg","-3","-2","24","-1","-3","0","-3","0","2018-07-03T16:21:40.605777"
"2018-07-03T16:21:40.622398","emg","0","0","-7","-3","0","-7","-5","-1","2018-07-03T16:21:40.621413"
"2018-07-03T16:21:40.622719","emg","-3","-5","-34","-14","-13","-4","-2","0","2018-07-03T16:21:40.621887"
"2018-07-03T16:21:40.623559","acc","-547","690","833","gyro","554","1219","-992","quat","-6131","-7242","1931","13216","2018-07-03T16:21:40.622928"
"2018-07-03T16:21:40.629059","emg","-3","5","3","9","-11","1","-5","-3","2018-07-03T16:21:40.627995"
"2018-07-03T16:21:40.629366","emg","2","6","17","1","9","1","-1","0","2018-07-03T16:21:40.628532"
"2018-07-03T16:21:40.635996","emg","1","0","-6","0","-7","-8","-1","-2","2018-07-03T16:21:40.635212"
"2018-07-03T16:21:40.636296","emg","-3","-4","9","-14","-7","4","4","0","2018-07-03T16:21:40.635570"
"2018-07-03T16:21:40.644210","acc","-679","772","752","gyro","848","1555","-1393","quat","-5904","-7540","1853","13164","2018-07-03T16:21:40.643252"
"2018-07-03T16:21:40.651526","emg","1","1","8","21","17","2","-1","1","2018-07-03T16:21:40.650465"
"2018-07-03T16:21:40.651839","emg","-1","3","-1","22","6","-1","-1","-2","2018-07-03T16:21:40.650988"
"2018-07-03T16:21:40.659524","emg","-2","-1","4","-21","-11","-4","-3","0","2018-07-03T16:21:40.658529"
"2018-07-03T16:21:40.659840","emg","-1","-6","-16","-29","-14","-1","-2","0","2018-07-03T16:21:40.659013"
"2018-07-03T16:21:40.660736","acc","-1023","850","495","gyro","932","1727","-1681","quat","-5619","-7884","1740","13103","2018-07-03T16:21:40.660072"
"2018-07-03T16:21:40.666787","emg","-1","-3","1","-2","-7","-3","-3","0","2018-07-03T16:21:40.665730"
"2018-07-03T16:21:40.667137","emg","1","-1","-3","-9","6","-3","-3","-1","2018-07-03T16:21:40.666212"
"2018-07-03T16:21:40.682721","emg","-3","-5","-6","30","-14","1","-2","-3","2018-07-03T16:21:40.681536"
"2018-07-03T16:21:40.683276","emg","1","2","-1","-4","12","3","0","0","2018-07-03T16:21:40.682069"
"2018-07-03T16:21:40.684517","acc","-1006","778","347","gyro","581","1608","-1939","quat","-5320","-8189","1560","13063","2018-07-03T16:21:40.683772"
"2018-07-03T16:21:40.689213","emg","-3","-3","4","-8","-9","-1","-1","0","2018-07-03T16:21:40.688014"
"2018-07-03T16:21:40.689595","emg","-2","-4","-14","-11","7","-1","-1","0","2018-07-03T16:21:40.688531"
"2018-07-03T16:21:40.697022","emg","-1","-2","-3","-3","-4","1","-2","-3","2018-07-03T16:21:40.695819"
"2018-07-03T16:21:40.697396","emg","-1","-3","3","-7","-5","-2","0","-1","2018-07-03T16:21:40.696334"
"2018-07-03T16:21:40.704403","acc","-863","555","232","gyro","58","1495","-2454","quat","-4987","-8448","1264","13061","2018-07-03T16:21:40.703357"
"2018-07-03T16:21:40.711585","emg","-1","-4","-10","-1","-4","-5","-3","-2","2018-07-03T16:21:40.710520"
"2018-07-03T16:21:40.711991","emg","-2","1","-1","0","-2","4","0","0","2018-07-03T16:21:40.711014"
"2018-07-03T16:21:40.719721","emg","1","1","4","-1","7","0","-2","-1","2018-07-03T16:21:40.718680"
"2018-07-03T16:21:40.720205","emg","-1","-2","-21","10","10","3","1","0","2018-07-03T16:21:40.719159"
"2018-07-03T16:21:40.721352","acc","-783","308","101","gyro","-460","1369","-3104","quat","-4602","-8661","837","13098","2018-07-03T16:21:40.720675"
"2018-07-03T16:21:40.726777","emg","-2","0","7","1","-9","-2","0","1","2018-07-03T16:21:40.725718"
"2018-07-03T16:21:40.727137","emg","0","-5","0","-24","-9","-5","-1","-3","2018-07-03T16:21:40.726202"
"2018-07-03T16:21:40.742704","emg","-2","0","-4","27","21","5","1","0","2018-07-03T16:21:40.741565"
"2018-07-03T16:21:40.743260","emg","-1","0","4","-11","-19","-9","-2","-3","2018-07-03T16:21:40.742074"
"2018-07-03T16:21:40.744519","acc","-1050","84","49","gyro","-877","1207","-3650","quat","-4165","-8823","301","13159","2018-07-03T16:21:40.743773"
"2018-07-03T16:21:40.749684","emg","-2","-1","2","13","8","2","1","1","2018-07-03T16:21:40.748467"
"2018-07-03T16:21:40.750067","emg","1","0","-4","-7","3","1","-1","-1","2018-07-03T16:21:40.749048"
"2018-07-03T16:21:40.756984","emg","-2","-2","-2","11","-1","-4","-1","1","2018-07-03T16:21:40.755750"
"2018-07-03T16:21:40.757374","emg","-2","0","1","-22","-2","1","-1","-1","2018-07-03T16:21:40.756307"
"2018-07-03T16:21:40.764384","acc","-1534","88","23","gyro","-1019","1056","-3918","quat","-3695","-8943","-276","13218","2018-07-03T16:21:40.763329"
"2018-07-03T16:21:40.771868","emg","0","3","-2","-2","-4","1","-1","-1","2018-07-03T16:21:40.770694"
"2018-07-03T16:21:40.772245","emg","-2","3","12","20","4","0","-2","0","2018-07-03T16:21:40.771234"
"2018-07-03T16:21:40.779962","emg","-1","-2","-6","-25","-3","-2","-3","-2","2018-07-03T16:21:40.778801"
"2018-07-03T16:21:40.780513","emg","0","-6","-4","16","-2","-1","0","-1","2018-07-03T16:21:40.779309"
"2018-07-03T16:21:40.781816","acc","-1802","-14","120","gyro","-1512","772","-4187","quat","-3227","-8981","-938","13284","2018-07-03T16:21:40.781058"
"2018-07-03T16:21:40.786757","emg","2","0","-3","3","8","-3","-1","-1","2018-07-03T16:21:40.785715"
"2018-07-03T16:21:40.787089","emg","-2","-3","4","-21","-33","-4","-2","-3","2018-07-03T16:21:40.786199"
"2018-07-03T16:21:40.802695","emg","-2","-5","-5","14","20","5","2","1","2018-07-03T16:21:40.801509"
"2018-07-03T16:21:40.803261","emg","-2","-5","-6","18","12","2","-4","-4","2018-07-03T16:21:40.802050"
"2018-07-03T16:21:40.804865","acc","-1697","-80","243","gyro","-2042","506","-4658","quat","-2740","-8930","-1709","13352","2018-07-03T16:21:40.803774"
"2018-07-03T16:21:40.808893","emg","5","4","9","12","4","-3","0","1","2018-07-03T16:21:40.807847"
"2018-07-03T16:21:40.809327","emg","0","-2","-1","-1","6","13","1","0","2018-07-03T16:21:40.808289"
"2018-07-03T16:21:40.816818","emg","0","2","-5","-6","-3","-11","-3","-1","2018-07-03T16:21:40.815630"
"2018-07-03T16:21:40.817184","emg","-1","0","3","-10","-8","5","0","0","2018-07-03T16:21:40.816212"
"2018-07-03T16:21:40.824510","acc","-1676","-210","530","gyro","-2293","356","-5258","quat","-2187","-8800","-2562","13403","2018-07-03T16:21:40.823337"
"2018-07-03T16:21:40.831520","emg","-3","-3","-4","-1","-3","-19","-5","-5","2018-07-03T16:21:40.830398"
"2018-07-03T16:21:40.831872","emg","0","1","6","9","-8","-4","-1","0","2018-07-03T16:21:40.830961"
"2018-07-03T16:21:40.839931","emg","1","1","0","-2","22","36","7","4","2018-07-03T16:21:40.838809"
"2018-07-03T16:21:40.840292","emg","1","1","4","-8","8","-6","0","-1","2018-07-03T16:21:40.839379"
"2018-07-03T16:21:40.841512","acc","-1762","-468","762","gyro","-2309","117","-5668","quat","-1573","-8584","-3438","13433","2018-07-03T16:21:40.840679"
"2018-07-03T16:21:40.846676","emg","-2","-3","-3","-7","-11","2","-4","-2","2018-07-03T16:21:40.845649"
"2018-07-03T16:21:40.846979","emg","-2","0","0","0","4","-9","-2","0","2018-07-03T16:21:40.846188"
"2018-07-03T16:21:40.862110","emg","-3","-3","0","-11","-16","-21","-3","-2","2018-07-03T16:21:40.861010"
"2018-07-03T16:21:40.862608","emg","0","0","-1","-3","-8","3","-4","-1","2018-07-03T16:21:40.861524"
"2018-07-03T16:21:40.863425","acc","-1858","-633","991","gyro","-2314","-161","-5987","quat","-919","-8274","-4319","13435","2018-07-03T16:21:40.862686"
"2018-07-03T16:21:40.868809","emg","0","-4","-1","6","15","-7","-8","-4","2018-07-03T16:21:40.867734"
"2018-07-03T16:21:40.869160","emg","0","0","1","2","-12","27","5","1","2018-07-03T16:21:40.868244"
"2018-07-03T16:21:40.876145","emg","1","0","-1","1","-22","-62","5","16","2018-07-03T16:21:40.875278"
"2018-07-03T16:21:40.876493","emg","-3","0","2","6","31","70","-19","-43","2018-07-03T16:21:40.875655"
"2018-07-03T16:21:40.884112","acc","-1865","-804","1144","gyro","-2080","-445","-6418","quat","-191","-7861","-5175","13410","2018-07-03T16:21:40.883164"
"2018-07-03T16:21:40.891698","emg","1","0","0","0","2","-31","8","8","2018-07-03T16:21:40.890683"
"2018-07-03T16:21:40.892024","emg","1","-2","0","-3","-3","1","-1","-4","2018-07-03T16:21:40.891132"
"2018-07-03T16:21:40.900339","emg","-2","1","-2","-1","-30","8","-17","-1","2018-07-03T16:21:40.898966"
"2018-07-03T16:21:40.900733","emg","0","3","4","5","41","11","10","18","2018-07-03T16:21:40.899775"
"2018-07-03T16:21:40.901700","acc","-1775","-1158","1216","gyro","-1776","-576","-6702","quat","599","-7371","-5980","13341","2018-07-03T16:21:40.900984"
"2018-07-03T16:21:40.906663","emg","3","6","14","7","18","26","31","2","2018-07-03T16:21:40.905646"
"2018-07-03T16:21:40.906995","emg","-12","-12","-15","0","4","-27","-60","-32","2018-07-03T16:21:40.906133"
"2018-07-03T16:21:40.922641","emg","5","6","-15","-1","-15","-17","-13","-2","2018-07-03T16:21:40.921538"
"2018-07-03T16:21:40.923007","emg","-3","-7","-1","-4","-10","-23","-11","7","2018-07-03T16:21:40.922068"
"2018-07-03T16:21:40.924009","acc","-1514","-1712","1164","gyro","-1578","-503","-6827","quat","1428","-6838","-6735","13201","2018-07-03T16:21:40.923271"
"2018-07-03T16:21:40.929466","emg","-3","4","-1","-3","-13","24","-2","-1","2018-07-03T16:21:40.928249"
"2018-07-03T16:21:40.929839","emg","-2","-11","2","5","-6","-72","-15","26","2018-07-03T16:21:40.928819"
"2018-07-03T16:21:40.936949","emg","-17","-8","4","4","22","23","-32","-21","2018-07-03T16:21:40.935771"
"2018-07-03T16:21:40.937313","emg","5","-1","-3","0","-17","-13","51","14","2018-07-03T16:21:40.936326"
"2018-07-03T16:21:40.944422","acc","-1306","-2379","1223","gyro","-1224","-71","-7160","quat","2357","-6296","-7419","12969","2018-07-03T16:21:40.943339"
"2018-07-03T16:21:40.951684","emg","2","-2","-11","-10","-17","-52","-58","1","2018-07-03T16:21:40.950533"
"2018-07-03T16:21:40.952048","emg","12","11","6","2","5","80","51","13","2018-07-03T16:21:40.951097"
"2018-07-03T16:21:40.959959","emg","1","0","3","3","59","20","24","12","2018-07-03T16:21:40.958846"
"2018-07-03T16:21:40.960321","emg","-4","2","-2","0","-19","10","12","3","2018-07-03T16:21:40.959365"
"2018-07-03T16:21:40.961350","acc","-883","-2342","1157","gyro","-387","-139","-6668","quat","3256","-5726","-7908","12748","2018-07-03T16:21:40.960555"
"2018-07-03T16:21:40.966951","emg","-4","-3","-2","-6","-10","-4","-1","-4","2018-07-03T16:21:40.965828"
"2018-07-03T16:21:40.967307","emg","-3","-2","-5","-4","-5","-35","-22","-17","2018-07-03T16:21:40.966400"
"2018-07-03T16:21:40.982669","emg","-1","1","2","-5","-10","1","8","-3","2018-07-03T16:21:40.981541"
"2018-07-03T16:21:40.983031","emg","-3","-6","-7","-15","-54","-84","-8","-5","2018-07-03T16:21:40.982120"
"2018-07-03T16:21:40.984216","acc","-633","-2199","562","gyro","707","-250","-5394","quat","4020","-5195","-8143","12608","2018-07-03T16:21:40.983393"
"2018-07-03T16:21:40.989141","emg","3","3","3","8","57","70","0","-4","2018-07-03T16:21:40.987942"
"2018-07-03T16:21:40.989514","emg","5","4","-3","-5","-7","5","8","4","2018-07-03T16:21:40.988452"
"2018-07-03T16:21:40.997050","emg","3","1","3","-1","21","29","3","-9","2018-07-03T16:21:40.995868"
"2018-07-03T16:21:40.997438","emg","-7","-1","-4","-2","-11","-25","-14","0","2018-07-03T16:21:40.996455"
"2018-07-03T16:21:41.004537","acc","-622","-2454","254","gyro","1024","-804","-4652","quat","4634","-4630","-8298","12517","2018-07-03T16:21:41.003388"
"2018-07-03T16:21:41.011689","emg","-5","-12","-4","-3","-25","-16","-4","-3","2018-07-03T16:21:41.010555"
"2018-07-03T16:21:41.012124","emg","-1","5","4","8","2","-33","21","4","2018-07-03T16:21:41.011133"
"2018-07-03T16:21:41.019898","emg","1","-5","-2","-2","-20","55","18","24","2018-07-03T16:21:41.018764"
"2018-07-03T16:21:41.020257","emg","3","5","0","3","33","4","-42","-47","2018-07-03T16:21:41.019344"
"2018-07-03T16:21:41.021508","acc","-45","-3038","379","gyro","924","-1045","-4368","quat","5174","-4044","-8448","12408","2018-07-03T16:21:41.020673"
"2018-07-03T16:21:41.026693","emg","-5","-5","-2","2","-4","-28","15","3","2018-07-03T16:21:41.025521"
"2018-07-03T16:21:41.027047","emg","-2","-6","3","2","18","57","-4","-1","2018-07-03T16:21:41.026098"
"2018-07-03T16:21:41.042412","emg","7","8","-2","-6","-22","-45","12","13","2018-07-03T16:21:41.041306"
"2018-07-03T16:21:41.042781","emg","-5","-4","2","1","-2","4","-23","-19","2018-07-03T16:21:41.041841"
"2018-07-03T16:21:41.050265","acc","466","-3037","754","gyro","1579","-872","-3580","quat","5644","-3500","-8444","12370","2018-07-03T16:21:41.049187"
"2018-07-03T16:21:41.051289","emg","-3","4","-2","-2","4","27","3","0","2018-07-03T16:21:41.050455"
"2018-07-03T16:21:41.051638","emg","1","6","3","2","-20","-68","-2","4","2018-07-03T16:21:41.050848"
"2018-07-03T16:21:41.056561","emg","-5","-10","-8","-20","1","24","0","-14","2018-07-03T16:21:41.055439"
"2018-07-03T16:21:41.056997","emg","4","0","5","-1","4","29","16","24","2018-07-03T16:21:41.056012"
"2018-07-03T16:21:41.064472","acc","460","-2252","881","gyro","1702","-865","-2734","quat","5996","-3022","-8370","12380","2018-07-03T16:21:41.063325"
"2018-07-03T16:21:41.071649","emg","-1","-2","-1","14","12","0","2","-3","2018-07-03T16:21:41.070518"
"2018-07-03T16:21:41.072003","emg","-1","-2","-1","-6","0","-1","0","0","2018-07-03T16:21:41.071095"
"2018-07-03T16:21:41.079817","emg","-2","-3","1","2","-12","-17","-7","-8","2018-07-03T16:21:41.078699"
"2018-07-03T16:21:41.080174","emg","-3","2","2","6","22","18","10","5","2018-07-03T16:21:41.079264"
"2018-07-03T16:21:41.081427","acc","279","-1518","724","gyro","840","-928","-2308","quat","6249","-2629","-8390","12332","2018-07-03T16:21:41.080533"
"2018-07-03T16:21:41.086063","emg","-1","-10","-4","-14","-25","-15","-8","-7","2018-07-03T16:21:41.085291"
"2018-07-03T16:21:41.086360","emg","5","5","3","7","21","9","8","2","2018-07-03T16:21:41.085686"
"2018-07-03T16:21:41.102327","emg","-1","1","-1","1","-25","-3","-2","-7","2018-07-03T16:21:41.101141"
"2018-07-03T16:21:41.102928","emg","-2","-2","-3","-7","14","20","-6","3","2018-07-03T16:21:41.101664"
"2018-07-03T16:21:41.104364","acc","245","-1547","599","gyro","-295","-1128","-2142","quat","6421","-2304","-8567","12186","2018-07-03T16:21:41.103419"
"2018-07-03T16:21:41.109236","emg","-4","0","-7","-2","-32","-55","-3","0","2018-07-03T16:21:41.107854"
"2018-07-03T16:21:41.110021","emg","-4","-4","2","12","20","23","0","-7","2018-07-03T16:21:41.108383"
"2018-07-03T16:21:41.117337","emg","2","2","-4","-12","5","13","6","2","2018-07-03T16:21:41.116094"
"2018-07-03T16:21:41.117797","emg","0","-10","3","11","12","12","4","13","2018-07-03T16:21:41.116731"
"2018-07-03T16:21:41.124446","acc","886","-2269","526","gyro","-742","-1125","-2137","quat","6579","-2003","-8805","11984","2018-07-03T16:21:41.123381"
"2018-07-03T16:21:41.131263","emg","0","3","-3","-2","-2","15","-3","-2","2018-07-03T16:21:41.130406"
"2018-07-03T16:21:41.131616","emg","-5","-4","-3","-7","-4","-9","-4","-3","2018-07-03T16:21:41.130811"
"2018-07-03T16:21:41.139770","emg","-6","-10","-4","-1","-21","-44","-13","-15","2018-07-03T16:21:41.138720"
"2018-07-03T16:21:41.140255","emg","1","6","1","-6","-16","-10","8","5","2018-07-03T16:21:41.139206"
"2018-07-03T16:21:41.141394","acc","1460","-2639","829","gyro","-224","-738","-1783","quat","6738","-1742","-8933","11840","2018-07-03T16:21:41.140726"
"2018-07-03T16:21:41.146716","emg","2","1","-1","-6","6","17","5","0","2018-07-03T16:21:41.145665"
"2018-07-03T16:21:41.147047","emg","0","1","-2","-3","-19","-11","-5","-1","2018-07-03T16:21:41.146155"
"2018-07-03T16:21:41.162190","emg","-4","-3","2","9","19","10","1","16","2018-07-03T16:21:41.161158"
"2018-07-03T16:21:41.162677","emg","1","4","-3","-5","-5","-8","-3","-22","2018-07-03T16:21:41.161638"
"2018-07-03T16:21:41.163776","acc","960","-2460","912","gyro","1032","-583","-1330","quat","6867","-1462","-8884","11841","2018-07-03T16:21:41.163124"
"2018-07-03T16:21:41.169255","emg","1","1","1","3","8","3","1","2","2018-07-03T16:21:41.168196"
"2018-07-03T16:21:41.169585","emg","-2","-1","-3","-1","5","12","2","-1","2018-07-03T16:21:41.168707"
"2018-07-03T16:21:41.176403","emg","3","-5","-1","0","7","4","1","2","2018-07-03T16:21:41.175411"
"2018-07-03T16:21:41.176766","emg","-2","-1","-3","-1","-9","-15","-1","7","2018-07-03T16:21:41.175896"
"2018-07-03T16:21:41.184227","acc","783","-1844","824","gyro","1344","-697","-1239","quat","6977","-1152","-8786","11883","2018-07-03T16:21:41.183260"
"2018-07-03T16:21:41.191138","emg","-1","-2","-1","-2","-7","1","1","-1","2018-07-03T16:21:41.190284"
"2018-07-03T16:21:41.191443","emg","-1","1","0","-2","7","16","1","-2","2018-07-03T16:21:41.190698"
"2018-07-03T16:21:41.199765","emg","0","-1","1","2","4","-5","-4","-8","2018-07-03T16:21:41.198777"
"2018-07-03T16:21:41.200089","emg","1","-2","-1","-2","-13","-16","-3","3","2018-07-03T16:21:41.199255"
"2018-07-03T16:21:41.201094","acc","821","-1469","901","gyro","896","-784","-1227","quat","7079","-854","-8736","11885","2018-07-03T16:21:41.200306"
"2018-07-03T16:21:41.206703","emg","0","1","-1","-3","3","11","3","-2","2018-07-03T16:21:41.205708"
"2018-07-03T16:21:41.207013","emg","-3","-2","1","-1","6","9","2","2","2018-07-03T16:21:41.206198"
"2018-07-03T16:21:41.222323","emg","1","0","0","2","0","-11","-5","-7","2018-07-03T16:21:41.221265"
"2018-07-03T16:21:41.222681","emg","0","0","-2","0","-4","-5","1","3","2018-07-03T16:21:41.221775"
"2018-07-03T16:21:41.223858","acc","936","-1648","1105","gyro","423","-888","-1042","quat","7142","-599","-8743","11858","2018-07-03T16:21:41.223027"
"2018-07-03T16:21:41.229385","emg","0","-2","-1","0","3","10","3","1","2018-07-03T16:21:41.228243"
"2018-07-03T16:21:41.229742","emg","-1","-1","-2","-4","-2","-2","-3","-5","2018-07-03T16:21:41.228806"
"2018-07-03T16:21:41.236872","emg","-3","-4","0","3","-1","-6","-3","-4","2018-07-03T16:21:41.235742"
"2018-07-03T16:21:41.237250","emg","-5","3","0","1","-2","1","1","4","2018-07-03T16:21:41.236299"
"2018-07-03T16:21:41.244302","acc","1159","-2564","1381","gyro","29","-606","-556","quat","7149","-480","-8784","11829","2018-07-03T16:21:41.243211"
"2018-07-03T16:21:41.251660","emg","-4","-16","1","-3","1","4","1","-2","2018-07-03T16:21:41.250535"
"2018-07-03T16:21:41.252012","emg","6","11","-4","-5","-6","-3","-1","4","2018-07-03T16:21:41.251061"
"2018-07-03T16:21:41.259794","emg","0","3","0","-1","3","3","-3","-8","2018-07-03T16:21:41.258697"
"2018-07-03T16:21:41.260156","emg","0","-3","-2","-1","-1","-4","1","4","2018-07-03T16:21:41.259221"
"2018-07-03T16:21:41.261247","acc","975","-2851","1321","gyro","280","-306","194","quat","7073","-476","-8774","11882","2018-07-03T16:21:41.260414"
"2018-07-03T16:21:41.266898","emg","-4","0","-2","-5","-3","-1","-1","-4","2018-07-03T16:21:41.265783"
"2018-07-03T16:21:41.267263","emg","-5","-4","0","0","0","1","0","0","2018-07-03T16:21:41.266308"
"2018-07-03T16:21:41.282667","emg","4","3","1","1","1","-1","0","3","2018-07-03T16:21:41.281532"
"2018-07-03T16:21:41.283044","emg","-4","-1","0","-1","-3","-4","-1","0","2018-07-03T16:21:41.282050"
"2018-07-03T16:21:41.283995","acc","948","-2080","1197","gyro","1246","-208","497","quat","6991","-410","-8620","12045","2018-07-03T16:21:41.283253"
"2018-07-03T16:21:41.289429","emg","-1","3","1","0","-3","-2","0","2","2018-07-03T16:21:41.288285"
"2018-07-03T16:21:41.289793","emg","1","-5","1","-1","1","2","1","0","2018-07-03T16:21:41.288849"
"2018-07-03T16:21:41.296888","emg","1","0","-3","0","0","-2","-4","-4","2018-07-03T16:21:41.295746"
"2018-07-03T16:21:41.297269","emg","0","-5","-4","-1","-1","-4","2","7","2018-07-03T16:21:41.296269"
"2018-07-03T16:21:41.303914","acc","762","-1289","908","gyro","1331","-174","328","quat","6943","-310","-8447","12197","2018-07-03T16:21:41.303001"
"2018-07-03T16:21:41.311133","emg","2","2","-1","1","1","0","-2","-2","2018-07-03T16:21:41.310205"
"2018-07-03T16:21:41.311497","emg","-1","-1","0","1","0","0","4","3","2018-07-03T16:21:41.310629"
"2018-07-03T16:21:41.319339","emg","-3","-2","-2","-3","-3","-3","-5","-11","2018-07-03T16:21:41.318366"
"2018-07-03T16:21:41.319696","emg","0","-2","0","-3","-2","-2","0","0","2018-07-03T16:21:41.318829"
"2018-07-03T16:21:41.320820","acc","645","-1005","744","gyro","638","-254","45","quat","6922","-223","-8374","12261","2018-07-03T16:21:41.320046"
"2018-07-03T16:21:41.326521","emg","1","1","-1","-1","2","2","-1","0","2018-07-03T16:21:41.325414"
"2018-07-03T16:21:41.326887","emg","-3","-3","-3","-2","0","1","-1","0","2018-07-03T16:21:41.325937"
"2018-07-03T16:21:41.342588","emg","-2","-2","1","1","-2","-3","-2","-2","2018-07-03T16:21:41.341486"
